2013,"Sat, Jan 19, 2013",/boxscores/201301190BOS.html,New York Rangers,/teams/NYR/2013.html,1,Boston Bruins,/teams/BOS/2013.html,3,,
2013,"Sat, Jan 19, 2013",/boxscores/201301190DAL.html,Phoenix Coyotes,/teams/PHX/2013.html,3,Dallas Stars,/teams/DAL/2013.html,4,,
2013,"Sat, Jan 19, 2013",/boxscores/201301190FLA.html,Carolina Hurricanes,/teams/CAR/2013.html,1,Florida Panthers,/teams/FLA/2013.html,5,,
2013,"Sat, Jan 19, 2013",/boxscores/201301190LAK.html,Chicago Blackhawks,/teams/CHI/2013.html,5,Los Angeles Kings,/teams/LAK/2013.html,2,,
2013,"Sat, Jan 19, 2013",/boxscores/201301190MIN.html,Colorado Avalanche,/teams/COL/2013.html,2,Minnesota Wild,/teams/MIN/2013.html,4,,
2013,"Sat, Jan 19, 2013",/boxscores/201301190MTL.html,Toronto Maple Leafs,/teams/TOR/2013.html,2,Montreal Canadiens,/teams/MTL/2013.html,1,,
2013,"Sat, Jan 19, 2013",/boxscores/201301190NSH.html,Columbus Blue Jackets,/teams/CBJ/2013.html,3,Nashville Predators,/teams/NSH/2013.html,2,SO,
2013,"Sat, Jan 19, 2013",/boxscores/201301190NYI.html,New Jersey Devils,/teams/NJD/2013.html,2,New York Islanders,/teams/NYI/2013.html,1,,
2013,"Sat, Jan 19, 2013",/boxscores/201301190PHI.html,Pittsburgh Penguins,/teams/PIT/2013.html,3,Philadelphia Flyers,/teams/PHI/2013.html,1,,
2013,"Sat, Jan 19, 2013",/boxscores/201301190STL.html,Detroit Red Wings,/teams/DET/2013.html,0,St. Louis Blues,/teams/STL/2013.html,6,,
2013,"Sat, Jan 19, 2013",/boxscores/201301190TBL.html,Washington Capitals,/teams/WSH/2013.html,3,Tampa Bay Lightning,/teams/TBL/2013.html,6,,
2013,"Sat, Jan 19, 2013",/boxscores/201301190VAN.html,Anaheim Ducks,/teams/ANA/2013.html,7,Vancouver Canucks,/teams/VAN/2013.html,3,,
2013,"Sat, Jan 19, 2013",/boxscores/201301190WPG.html,Ottawa Senators,/teams/OTT/2013.html,4,Winnipeg Jets,/teams/WPG/2013.html,1,,
2013,"Sun, Jan 20, 2013",/boxscores/201301200BUF.html,Philadelphia Flyers,/teams/PHI/2013.html,2,Buffalo Sabres,/teams/BUF/2013.html,5,,
2013,"Sun, Jan 20, 2013",/boxscores/201301200CGY.html,San Jose Sharks,/teams/SJS/2013.html,4,Calgary Flames,/teams/CGY/2013.html,1,,
2013,"Sun, Jan 20, 2013",/boxscores/201301200MIN.html,Dallas Stars,/teams/DAL/2013.html,0,Minnesota Wild,/teams/MIN/2013.html,1,,
2013,"Sun, Jan 20, 2013",/boxscores/201301200NYR.html,Pittsburgh Penguins,/teams/PIT/2013.html,6,New York Rangers,/teams/NYR/2013.html,3,,
2013,"Sun, Jan 20, 2013",/boxscores/201301200PHX.html,Chicago Blackhawks,/teams/CHI/2013.html,6,Phoenix Coyotes,/teams/PHX/2013.html,4,,
2013,"Sun, Jan 20, 2013",/boxscores/201301200VAN.html,Edmonton Oilers,/teams/EDM/2013.html,3,Vancouver Canucks,/teams/VAN/2013.html,2,SO,
2013,"Mon, Jan 21, 2013",/boxscores/201301210BOS.html,Winnipeg Jets,/teams/WPG/2013.html,1,Boston Bruins,/teams/BOS/2013.html,2,SO,
2013,"Mon, Jan 21, 2013",/boxscores/201301210CBJ.html,Detroit Red Wings,/teams/DET/2013.html,4,Columbus Blue Jackets,/teams/CBJ/2013.html,3,SO,
2013,"Mon, Jan 21, 2013",/boxscores/201301210CGY.html,Anaheim Ducks,/teams/ANA/2013.html,5,Calgary Flames,/teams/CGY/2013.html,4,,
2013,"Mon, Jan 21, 2013",/boxscores/201301210NSH.html,St. Louis Blues,/teams/STL/2013.html,4,Nashville Predators,/teams/NSH/2013.html,3,SO,
2013,"Mon, Jan 21, 2013",/boxscores/201301210NYI.html,Tampa Bay Lightning,/teams/TBL/2013.html,3,New York Islanders,/teams/NYI/2013.html,4,,
2013,"Mon, Jan 21, 2013",/boxscores/201301210OTT.html,Florida Panthers,/teams/FLA/2013.html,0,Ottawa Senators,/teams/OTT/2013.html,4,,
2013,"Mon, Jan 21, 2013",/boxscores/201301210TOR.html,Buffalo Sabres,/teams/BUF/2013.html,2,Toronto Maple Leafs,/teams/TOR/2013.html,1,,
2013,"Tue, Jan 22, 2013",/boxscores/201301220CAR.html,Tampa Bay Lightning,/teams/TBL/2013.html,4,Carolina Hurricanes,/teams/CAR/2013.html,1,,
2013,"Tue, Jan 22, 2013",/boxscores/201301220CHI.html,St. Louis Blues,/teams/STL/2013.html,2,Chicago Blackhawks,/teams/CHI/2013.html,3,,
2013,"Tue, Jan 22, 2013",/boxscores/201301220COL.html,Los Angeles Kings,/teams/LAK/2013.html,1,Colorado Avalanche,/teams/COL/2013.html,3,,
2013,"Tue, Jan 22, 2013",/boxscores/201301220DET.html,Dallas Stars,/teams/DAL/2013.html,2,Detroit Red Wings,/teams/DET/2013.html,1,,
2013,"Tue, Jan 22, 2013",/boxscores/201301220EDM.html,San Jose Sharks,/teams/SJS/2013.html,6,Edmonton Oilers,/teams/EDM/2013.html,3,,
2013,"Tue, Jan 22, 2013",/boxscores/201301220MIN.html,Nashville Predators,/teams/NSH/2013.html,3,Minnesota Wild,/teams/MIN/2013.html,1,,
2013,"Tue, Jan 22, 2013",/boxscores/201301220MTL.html,Florida Panthers,/teams/FLA/2013.html,1,Montreal Canadiens,/teams/MTL/2013.html,4,,
2013,"Tue, Jan 22, 2013",/boxscores/201301220NJD.html,Philadelphia Flyers,/teams/PHI/2013.html,0,New Jersey Devils,/teams/NJD/2013.html,3,,
2013,"Tue, Jan 22, 2013",/boxscores/201301220WSH.html,Winnipeg Jets,/teams/WPG/2013.html,4,Washington Capitals,/teams/WSH/2013.html,2,,
2013,"Wed, Jan 23, 2013",/boxscores/201301230NYR.html,Boston Bruins,/teams/BOS/2013.html,3,New York Rangers,/teams/NYR/2013.html,4,OT,
2013,"Wed, Jan 23, 2013",/boxscores/201301230PHX.html,Columbus Blue Jackets,/teams/CBJ/2013.html,1,Phoenix Coyotes,/teams/PHX/2013.html,5,,
2013,"Wed, Jan 23, 2013",/boxscores/201301230PIT.html,Toronto Maple Leafs,/teams/TOR/2013.html,5,Pittsburgh Penguins,/teams/PIT/2013.html,2,,
2013,"Wed, Jan 23, 2013",/boxscores/201301230VAN.html,Calgary Flames,/teams/CGY/2013.html,2,Vancouver Canucks,/teams/VAN/2013.html,3,SO,
2013,"Thu, Jan 24, 2013",/boxscores/201301240CAR.html,Buffalo Sabres,/teams/BUF/2013.html,3,Carolina Hurricanes,/teams/CAR/2013.html,6,,
2013,"Thu, Jan 24, 2013",/boxscores/201301240COL.html,Columbus Blue Jackets,/teams/CBJ/2013.html,0,Colorado Avalanche,/teams/COL/2013.html,4,,
2013,"Thu, Jan 24, 2013",/boxscores/201301240DAL.html,Chicago Blackhawks,/teams/CHI/2013.html,3,Dallas Stars,/teams/DAL/2013.html,2,OT,
2013,"Thu, Jan 24, 2013",/boxscores/201301240EDM.html,Los Angeles Kings,/teams/LAK/2013.html,1,Edmonton Oilers,/teams/EDM/2013.html,2,OT,
2013,"Thu, Jan 24, 2013",/boxscores/201301240FLA.html,Ottawa Senators,/teams/OTT/2013.html,3,Florida Panthers,/teams/FLA/2013.html,1,,
2013,"Thu, Jan 24, 2013",/boxscores/201301240PHI.html,New York Rangers,/teams/NYR/2013.html,1,Philadelphia Flyers,/teams/PHI/2013.html,2,,
2013,"Thu, Jan 24, 2013",/boxscores/201301240SJS.html,Phoenix Coyotes,/teams/PHX/2013.html,3,San Jose Sharks,/teams/SJS/2013.html,5,,
2013,"Thu, Jan 24, 2013",/boxscores/201301240STL.html,Nashville Predators,/teams/NSH/2013.html,0,St. Louis Blues,/teams/STL/2013.html,3,,
2013,"Thu, Jan 24, 2013",/boxscores/201301240TOR.html,New York Islanders,/teams/NYI/2013.html,7,Toronto Maple Leafs,/teams/TOR/2013.html,4,,
2013,"Thu, Jan 24, 2013",/boxscores/201301240WSH.html,Montreal Canadiens,/teams/MTL/2013.html,4,Washington Capitals,/teams/WSH/2013.html,1,,
2013,"Fri, Jan 25, 2013",/boxscores/201301250ANA.html,Vancouver Canucks,/teams/VAN/2013.html,5,Anaheim Ducks,/teams/ANA/2013.html,0,,
2013,"Fri, Jan 25, 2013",/boxscores/201301250BOS.html,New York Islanders,/teams/NYI/2013.html,2,Boston Bruins,/teams/BOS/2013.html,4,,
2013,"Fri, Jan 25, 2013",/boxscores/201301250BUF.html,Carolina Hurricanes,/teams/CAR/2013.html,3,Buffalo Sabres,/teams/BUF/2013.html,1,,
2013,"Fri, Jan 25, 2013",/boxscores/201301250DET.html,Minnesota Wild,/teams/MIN/2013.html,3,Detroit Red Wings,/teams/DET/2013.html,5,,
2013,"Fri, Jan 25, 2013",/boxscores/201301250NJD.html,Washington Capitals,/teams/WSH/2013.html,2,New Jersey Devils,/teams/NJD/2013.html,3,OT,
2013,"Fri, Jan 25, 2013",/boxscores/201301250TBL.html,Ottawa Senators,/teams/OTT/2013.html,4,Tampa Bay Lightning,/teams/TBL/2013.html,6,,
2013,"Fri, Jan 25, 2013",/boxscores/201301250WPG.html,Pittsburgh Penguins,/teams/PIT/2013.html,2,Winnipeg Jets,/teams/WPG/2013.html,4,,
2013,"Sat, Jan 26, 2013",/boxscores/201301260ANA.html,Nashville Predators,/teams/NSH/2013.html,2,Anaheim Ducks,/teams/ANA/2013.html,3,SO,
2013,"Sat, Jan 26, 2013",/boxscores/201301260CBJ.html,Chicago Blackhawks,/teams/CHI/2013.html,3,Columbus Blue Jackets,/teams/CBJ/2013.html,2,,
2013,"Sat, Jan 26, 2013",/boxscores/201301260CGY.html,Edmonton Oilers,/teams/EDM/2013.html,3,Calgary Flames,/teams/CGY/2013.html,4,,
2013,"Sat, Jan 26, 2013",/boxscores/201301260DAL.html,St. Louis Blues,/teams/STL/2013.html,4,Dallas Stars,/teams/DAL/2013.html,3,,
2013,"Sat, Jan 26, 2013",/boxscores/201301260FLA.html,Philadelphia Flyers,/teams/PHI/2013.html,7,Florida Panthers,/teams/FLA/2013.html,1,,
2013,"Sat, Jan 26, 2013",/boxscores/201301260NYR.html,Toronto Maple Leafs,/teams/TOR/2013.html,2,New York Rangers,/teams/NYR/2013.html,5,,
2013,"Sat, Jan 26, 2013",/boxscores/201301260PHX.html,Los Angeles Kings,/teams/LAK/2013.html,4,Phoenix Coyotes,/teams/PHX/2013.html,2,,
2013,"Sat, Jan 26, 2013",/boxscores/201301260SJS.html,Colorado Avalanche,/teams/COL/2013.html,0,San Jose Sharks,/teams/SJS/2013.html,4,,
2013,"Sun, Jan 27, 2013",/boxscores/201301270CHI.html,Detroit Red Wings,/teams/DET/2013.html,1,Chicago Blackhawks,/teams/CHI/2013.html,2,OT,
2013,"Sun, Jan 27, 2013",/boxscores/201301270MTL.html,New Jersey Devils,/teams/NJD/2013.html,3,Montreal Canadiens,/teams/MTL/2013.html,4,OT,
2013,"Sun, Jan 27, 2013",/boxscores/201301270OTT.html,Pittsburgh Penguins,/teams/PIT/2013.html,2,Ottawa Senators,/teams/OTT/2013.html,1,SO,
2013,"Sun, Jan 27, 2013",/boxscores/201301270SJS.html,Vancouver Canucks,/teams/VAN/2013.html,1,San Jose Sharks,/teams/SJS/2013.html,4,,
2013,"Sun, Jan 27, 2013",/boxscores/201301270STL.html,Minnesota Wild,/teams/MIN/2013.html,4,St. Louis Blues,/teams/STL/2013.html,5,OT,
2013,"Sun, Jan 27, 2013",/boxscores/201301270TBL.html,Philadelphia Flyers,/teams/PHI/2013.html,1,Tampa Bay Lightning,/teams/TBL/2013.html,5,,
2013,"Sun, Jan 27, 2013",/boxscores/201301270WPG.html,New York Islanders,/teams/NYI/2013.html,4,Winnipeg Jets,/teams/WPG/2013.html,5,OT,
2013,"Sun, Jan 27, 2013",/boxscores/201301270WSH.html,Buffalo Sabres,/teams/BUF/2013.html,2,Washington Capitals,/teams/WSH/2013.html,3,,
2013,"Mon, Jan 28, 2013",/boxscores/201301280CAR.html,Boston Bruins,/teams/BOS/2013.html,5,Carolina Hurricanes,/teams/CAR/2013.html,3,,
2013,"Mon, Jan 28, 2013",/boxscores/201301280CBJ.html,Dallas Stars,/teams/DAL/2013.html,1,Columbus Blue Jackets,/teams/CBJ/2013.html,2,,
2013,"Mon, Jan 28, 2013",/boxscores/201301280EDM.html,Colorado Avalanche,/teams/COL/2013.html,1,Edmonton Oilers,/teams/EDM/2013.html,4,,
2013,"Mon, Jan 28, 2013",/boxscores/201301280LAK.html,Vancouver Canucks,/teams/VAN/2013.html,2,Los Angeles Kings,/teams/LAK/2013.html,3,SO,
2013,"Mon, Jan 28, 2013",/boxscores/201301280PHX.html,Nashville Predators,/teams/NSH/2013.html,0,Phoenix Coyotes,/teams/PHX/2013.html,4,,
2013,"Tue, Jan 29, 2013",/boxscores/201301290BOS.html,New Jersey Devils,/teams/NJD/2013.html,1,Boston Bruins,/teams/BOS/2013.html,2,SO,
2013,"Tue, Jan 29, 2013",/boxscores/201301290BUF.html,Toronto Maple Leafs,/teams/TOR/2013.html,4,Buffalo Sabres,/teams/BUF/2013.html,3,OT,
2013,"Tue, Jan 29, 2013",/boxscores/201301290DET.html,Dallas Stars,/teams/DAL/2013.html,1,Detroit Red Wings,/teams/DET/2013.html,4,,
2013,"Tue, Jan 29, 2013",/boxscores/201301290MIN.html,Columbus Blue Jackets,/teams/CBJ/2013.html,2,Minnesota Wild,/teams/MIN/2013.html,3,,
2013,"Tue, Jan 29, 2013",/boxscores/201301290MTL.html,Winnipeg Jets,/teams/WPG/2013.html,3,Montreal Canadiens,/teams/MTL/2013.html,4,,
2013,"Tue, Jan 29, 2013",/boxscores/201301290NYR.html,Philadelphia Flyers,/teams/PHI/2013.html,1,New York Rangers,/teams/NYR/2013.html,2,,
2013,"Tue, Jan 29, 2013",/boxscores/201301290OTT.html,Washington Capitals,/teams/WSH/2013.html,2,Ottawa Senators,/teams/OTT/2013.html,3,,
2013,"Tue, Jan 29, 2013",/boxscores/201301290PIT.html,New York Islanders,/teams/NYI/2013.html,4,Pittsburgh Penguins,/teams/PIT/2013.html,1,,
2013,"Tue, Jan 29, 2013",/boxscores/201301290SJS.html,Anaheim Ducks,/teams/ANA/2013.html,2,San Jose Sharks,/teams/SJS/2013.html,3,SO,
2013,"Tue, Jan 29, 2013",/boxscores/201301290TBL.html,Florida Panthers,/teams/FLA/2013.html,2,Tampa Bay Lightning,/teams/TBL/2013.html,5,,
2013,"Wed, Jan 30, 2013",/boxscores/201301300MIN.html,Chicago Blackhawks,/teams/CHI/2013.html,2,Minnesota Wild,/teams/MIN/2013.html,3,SO,
2013,"Wed, Jan 30, 2013",/boxscores/201301300OTT.html,Montreal Canadiens,/teams/MTL/2013.html,1,Ottawa Senators,/teams/OTT/2013.html,5,,
2013,"Wed, Jan 30, 2013",/boxscores/201301300PHX.html,Edmonton Oilers,/teams/EDM/2013.html,2,Phoenix Coyotes,/teams/PHX/2013.html,1,OT,
2013,"Wed, Jan 30, 2013",/boxscores/201301300VAN.html,Colorado Avalanche,/teams/COL/2013.html,0,Vancouver Canucks,/teams/VAN/2013.html,3,,
2013,"Thu, Jan 31, 2013",/boxscores/201301310BOS.html,Buffalo Sabres,/teams/BUF/2013.html,7,Boston Bruins,/teams/BOS/2013.html,4,,
2013,"Thu, Jan 31, 2013",/boxscores/201301310CBJ.html,St. Louis Blues,/teams/STL/2013.html,4,Columbus Blue Jackets,/teams/CBJ/2013.html,1,,
2013,"Thu, Jan 31, 2013",/boxscores/201301310CGY.html,Colorado Avalanche,/teams/COL/2013.html,6,Calgary Flames,/teams/CGY/2013.html,3,,
2013,"Thu, Jan 31, 2013",/boxscores/201301310FLA.html,Winnipeg Jets,/teams/WPG/2013.html,3,Florida Panthers,/teams/FLA/2013.html,6,,
2013,"Thu, Jan 31, 2013",/boxscores/201301310LAK.html,Nashville Predators,/teams/NSH/2013.html,2,Los Angeles Kings,/teams/LAK/2013.html,1,SO,
2013,"Thu, Jan 31, 2013",/boxscores/201301310NJD.html,New York Islanders,/teams/NYI/2013.html,5,New Jersey Devils,/teams/NJD/2013.html,4,OT,
2013,"Thu, Jan 31, 2013",/boxscores/201301310NYR.html,Pittsburgh Penguins,/teams/PIT/2013.html,3,New York Rangers,/teams/NYR/2013.html,0,,
2013,"Thu, Jan 31, 2013",/boxscores/201301310SJS.html,Edmonton Oilers,/teams/EDM/2013.html,2,San Jose Sharks,/teams/SJS/2013.html,3,SO,
2013,"Thu, Jan 31, 2013",/boxscores/201301310TOR.html,Washington Capitals,/teams/WSH/2013.html,2,Toronto Maple Leafs,/teams/TOR/2013.html,3,,
2013,"Fri, Feb 1, 2013",/boxscores/201302010ANA.html,Minnesota Wild,/teams/MIN/2013.html,1,Anaheim Ducks,/teams/ANA/2013.html,3,,
2013,"Fri, Feb 1, 2013",/boxscores/201302010CAR.html,Ottawa Senators,/teams/OTT/2013.html,0,Carolina Hurricanes,/teams/CAR/2013.html,1,,
2013,"Fri, Feb 1, 2013",/boxscores/201302010DAL.html,Phoenix Coyotes,/teams/PHX/2013.html,3,Dallas Stars,/teams/DAL/2013.html,4,SO,
2013,"Fri, Feb 1, 2013",/boxscores/201302010DET.html,St. Louis Blues,/teams/STL/2013.html,3,Detroit Red Wings,/teams/DET/2013.html,5,,
2013,"Fri, Feb 1, 2013",/boxscores/201302010TBL.html,Winnipeg Jets,/teams/WPG/2013.html,3,Tampa Bay Lightning,/teams/TBL/2013.html,8,,
2013,"Fri, Feb 1, 2013",/boxscores/201302010VAN.html,Chicago Blackhawks,/teams/CHI/2013.html,1,Vancouver Canucks,/teams/VAN/2013.html,2,SO,
2013,"Fri, Feb 1, 2013",/boxscores/201302010WSH.html,Philadelphia Flyers,/teams/PHI/2013.html,2,Washington Capitals,/teams/WSH/2013.html,3,,
2013,"Sat, Feb 2, 2013",/boxscores/201302020ANA.html,Los Angeles Kings,/teams/LAK/2013.html,4,Anaheim Ducks,/teams/ANA/2013.html,7,,
2013,"Sat, Feb 2, 2013",/boxscores/201302020CBJ.html,Detroit Red Wings,/teams/DET/2013.html,2,Columbus Blue Jackets,/teams/CBJ/2013.html,4,,
2013,"Sat, Feb 2, 2013",/boxscores/201302020CGY.html,Chicago Blackhawks,/teams/CHI/2013.html,3,Calgary Flames,/teams/CGY/2013.html,2,SO,
2013,"Sat, Feb 2, 2013",/boxscores/201302020COL.html,Edmonton Oilers,/teams/EDM/2013.html,1,Colorado Avalanche,/teams/COL/2013.html,3,,
2013,"Sat, Feb 2, 2013",/boxscores/201302020MTL.html,Buffalo Sabres,/teams/BUF/2013.html,1,Montreal Canadiens,/teams/MTL/2013.html,6,,
2013,"Sat, Feb 2, 2013",/boxscores/201302020PHI.html,Carolina Hurricanes,/teams/CAR/2013.html,3,Philadelphia Flyers,/teams/PHI/2013.html,5,,
2013,"Sat, Feb 2, 2013",/boxscores/201302020PHX.html,Dallas Stars,/teams/DAL/2013.html,0,Phoenix Coyotes,/teams/PHX/2013.html,2,,
2013,"Sat, Feb 2, 2013",/boxscores/201302020PIT.html,New Jersey Devils,/teams/NJD/2013.html,1,Pittsburgh Penguins,/teams/PIT/2013.html,5,,
2013,"Sat, Feb 2, 2013",/boxscores/201302020SJS.html,Nashville Predators,/teams/NSH/2013.html,2,San Jose Sharks,/teams/SJS/2013.html,1,SO,
2013,"Sat, Feb 2, 2013",/boxscores/201302020TBL.html,New York Rangers,/teams/NYR/2013.html,3,Tampa Bay Lightning,/teams/TBL/2013.html,2,,
2013,"Sat, Feb 2, 2013",/boxscores/201302020TOR.html,Boston Bruins,/teams/BOS/2013.html,1,Toronto Maple Leafs,/teams/TOR/2013.html,0,,
2013,"Sun, Feb 3, 2013",/boxscores/201302030BUF.html,Florida Panthers,/teams/FLA/2013.html,4,Buffalo Sabres,/teams/BUF/2013.html,3,,
2013,"Sun, Feb 3, 2013",/boxscores/201302030MTL.html,Ottawa Senators,/teams/OTT/2013.html,1,Montreal Canadiens,/teams/MTL/2013.html,2,,
2013,"Sun, Feb 3, 2013",/boxscores/201302030NYI.html,New Jersey Devils,/teams/NJD/2013.html,3,New York Islanders,/teams/NYI/2013.html,0,,
2013,"Sun, Feb 3, 2013",/boxscores/201302030WSH.html,Pittsburgh Penguins,/teams/PIT/2013.html,6,Washington Capitals,/teams/WSH/2013.html,3,,
2013,"Mon, Feb 4, 2013",/boxscores/201302040ANA.html,San Jose Sharks,/teams/SJS/2013.html,1,Anaheim Ducks,/teams/ANA/2013.html,2,,
2013,"Mon, Feb 4, 2013",/boxscores/201302040COL.html,Dallas Stars,/teams/DAL/2013.html,3,Colorado Avalanche,/teams/COL/2013.html,2,,
2013,"Mon, Feb 4, 2013",/boxscores/201302040EDM.html,Vancouver Canucks,/teams/VAN/2013.html,3,Edmonton Oilers,/teams/EDM/2013.html,2,OT,
2013,"Mon, Feb 4, 2013",/boxscores/201302040PHX.html,Minnesota Wild,/teams/MIN/2013.html,1,Phoenix Coyotes,/teams/PHX/2013.html,2,,
2013,"Mon, Feb 4, 2013",/boxscores/201302040TOR.html,Carolina Hurricanes,/teams/CAR/2013.html,4,Toronto Maple Leafs,/teams/TOR/2013.html,1,,
2013,"Tue, Feb 5, 2013",/boxscores/201302050CBJ.html,Los Angeles Kings,/teams/LAK/2013.html,4,Columbus Blue Jackets,/teams/CBJ/2013.html,2,,
2013,"Tue, Feb 5, 2013",/boxscores/201302050DET.html,Calgary Flames,/teams/CGY/2013.html,4,Detroit Red Wings,/teams/DET/2013.html,1,,
2013,"Tue, Feb 5, 2013",/boxscores/201302050NJD.html,New York Rangers,/teams/NYR/2013.html,1,New Jersey Devils,/teams/NJD/2013.html,3,,
2013,"Tue, Feb 5, 2013",/boxscores/201302050NYI.html,Pittsburgh Penguins,/teams/PIT/2013.html,4,New York Islanders,/teams/NYI/2013.html,2,,
2013,"Tue, Feb 5, 2013",/boxscores/201302050OTT.html,Buffalo Sabres,/teams/BUF/2013.html,3,Ottawa Senators,/teams/OTT/2013.html,4,,
2013,"Tue, Feb 5, 2013",/boxscores/201302050PHI.html,Tampa Bay Lightning,/teams/TBL/2013.html,1,Philadelphia Flyers,/teams/PHI/2013.html,2,,
2013,"Tue, Feb 5, 2013",/boxscores/201302050SJS.html,Chicago Blackhawks,/teams/CHI/2013.html,5,San Jose Sharks,/teams/SJS/2013.html,3,,
2013,"Tue, Feb 5, 2013",/boxscores/201302050STL.html,Nashville Predators,/teams/NSH/2013.html,6,St. Louis Blues,/teams/STL/2013.html,1,,
2013,"Tue, Feb 5, 2013",/boxscores/201302050WPG.html,Florida Panthers,/teams/FLA/2013.html,2,Winnipeg Jets,/teams/WPG/2013.html,3,OT,
2013,"Tue, Feb 5, 2013",/boxscores/201302050WSH.html,Toronto Maple Leafs,/teams/TOR/2013.html,3,Washington Capitals,/teams/WSH/2013.html,2,,
2013,"Wed, Feb 6, 2013",/boxscores/201302060COL.html,Anaheim Ducks,/teams/ANA/2013.html,3,Colorado Avalanche,/teams/COL/2013.html,0,,
2013,"Wed, Feb 6, 2013",/boxscores/201302060EDM.html,Dallas Stars,/teams/DAL/2013.html,3,Edmonton Oilers,/teams/EDM/2013.html,2,OT,
2013,"Wed, Feb 6, 2013",/boxscores/201302060MTL.html,Boston Bruins,/teams/BOS/2013.html,2,Montreal Canadiens,/teams/MTL/2013.html,1,,
2013,"Thu, Feb 7, 2013",/boxscores/201302070BUF.html,Montreal Canadiens,/teams/MTL/2013.html,4,Buffalo Sabres,/teams/BUF/2013.html,5,SO,
2013,"Thu, Feb 7, 2013",/boxscores/201302070CBJ.html,Calgary Flames,/teams/CGY/2013.html,4,Columbus Blue Jackets,/teams/CBJ/2013.html,3,OT,
2013,"Thu, Feb 7, 2013",/boxscores/201302070MIN.html,Vancouver Canucks,/teams/VAN/2013.html,4,Minnesota Wild,/teams/MIN/2013.html,1,,
2013,"Thu, Feb 7, 2013",/boxscores/201302070NJD.html,Tampa Bay Lightning,/teams/TBL/2013.html,2,New Jersey Devils,/teams/NJD/2013.html,4,,
2013,"Thu, Feb 7, 2013",/boxscores/201302070NSH.html,Los Angeles Kings,/teams/LAK/2013.html,0,Nashville Predators,/teams/NSH/2013.html,3,,
2013,"Thu, Feb 7, 2013",/boxscores/201302070NYR.html,New York Islanders,/teams/NYI/2013.html,1,New York Rangers,/teams/NYR/2013.html,4,,
2013,"Thu, Feb 7, 2013",/boxscores/201302070OTT.html,Carolina Hurricanes,/teams/CAR/2013.html,3,Ottawa Senators,/teams/OTT/2013.html,2,OT,
2013,"Thu, Feb 7, 2013",/boxscores/201302070PHI.html,Florida Panthers,/teams/FLA/2013.html,3,Philadelphia Flyers,/teams/PHI/2013.html,2,SO,
2013,"Thu, Feb 7, 2013",/boxscores/201302070PHX.html,Chicago Blackhawks,/teams/CHI/2013.html,6,Phoenix Coyotes,/teams/PHX/2013.html,2,,
2013,"Thu, Feb 7, 2013",/boxscores/201302070PIT.html,Washington Capitals,/teams/WSH/2013.html,2,Pittsburgh Penguins,/teams/PIT/2013.html,5,,
2013,"Thu, Feb 7, 2013",/boxscores/201302070STL.html,Detroit Red Wings,/teams/DET/2013.html,5,St. Louis Blues,/teams/STL/2013.html,1,,
2013,"Thu, Feb 7, 2013",/boxscores/201302070WPG.html,Toronto Maple Leafs,/teams/TOR/2013.html,3,Winnipeg Jets,/teams/WPG/2013.html,2,,
2013,"Fri, Feb 8, 2013",/boxscores/201302080DAL.html,Anaheim Ducks,/teams/ANA/2013.html,1,Dallas Stars,/teams/DAL/2013.html,3,,
2013,"Sat, Feb 9, 2013",,Tampa Bay Lightning,/teams/TBL/2013.html,,Boston Bruins,/teams/BOS/2013.html,,,
2013,"Sat, Feb 9, 2013",/boxscores/201302090DET.html,Edmonton Oilers,/teams/EDM/2013.html,1,Detroit Red Wings,/teams/DET/2013.html,2,,
2013,"Sat, Feb 9, 2013",/boxscores/201302090MIN.html,Nashville Predators,/teams/NSH/2013.html,1,Minnesota Wild,/teams/MIN/2013.html,2,OT,
2013,"Sat, Feb 9, 2013",/boxscores/201302090MTL.html,Toronto Maple Leafs,/teams/TOR/2013.html,6,Montreal Canadiens,/teams/MTL/2013.html,0,,
2013,"Sat, Feb 9, 2013",/boxscores/201302090NJD.html,Pittsburgh Penguins,/teams/PIT/2013.html,1,New Jersey Devils,/teams/NJD/2013.html,3,,
2013,"Sat, Feb 9, 2013",/boxscores/201302090NYI.html,Buffalo Sabres,/teams/BUF/2013.html,3,New York Islanders,/teams/NYI/2013.html,2,,
2013,"Sat, Feb 9, 2013",/boxscores/201302090OTT.html,Winnipeg Jets,/teams/WPG/2013.html,1,Ottawa Senators,/teams/OTT/2013.html,0,,
2013,"Sat, Feb 9, 2013",/boxscores/201302090PHI.html,Carolina Hurricanes,/teams/CAR/2013.html,3,Philadelphia Flyers,/teams/PHI/2013.html,4,OT,
2013,"Sat, Feb 9, 2013",/boxscores/201302090SJS.html,Phoenix Coyotes,/teams/PHX/2013.html,1,San Jose Sharks,/teams/SJS/2013.html,0,SO,
2013,"Sat, Feb 9, 2013",/boxscores/201302090STL.html,Anaheim Ducks,/teams/ANA/2013.html,6,St. Louis Blues,/teams/STL/2013.html,5,SO,
2013,"Sat, Feb 9, 2013",/boxscores/201302090VAN.html,Calgary Flames,/teams/CGY/2013.html,1,Vancouver Canucks,/teams/VAN/2013.html,5,,
2013,"Sat, Feb 9, 2013",/boxscores/201302090WSH.html,Florida Panthers,/teams/FLA/2013.html,0,Washington Capitals,/teams/WSH/2013.html,5,,
2013,"Sun, Feb 10, 2013",/boxscores/201302100BUF.html,Boston Bruins,/teams/BOS/2013.html,3,Buffalo Sabres,/teams/BUF/2013.html,1,,
2013,"Sun, Feb 10, 2013",/boxscores/201302100CBJ.html,Edmonton Oilers,/teams/EDM/2013.html,3,Columbus Blue Jackets,/teams/CBJ/2013.html,1,,
2013,"Sun, Feb 10, 2013",/boxscores/201302100DET.html,Los Angeles Kings,/teams/LAK/2013.html,2,Detroit Red Wings,/teams/DET/2013.html,3,,
2013,"Sun, Feb 10, 2013",/boxscores/201302100NSH.html,Chicago Blackhawks,/teams/CHI/2013.html,3,Nashville Predators,/teams/NSH/2013.html,0,,
2013,"Sun, Feb 10, 2013",/boxscores/201302100NYR.html,Tampa Bay Lightning,/teams/TBL/2013.html,1,New York Rangers,/teams/NYR/2013.html,5,,
2013,"Sun, Feb 10, 2013",/boxscores/201302100PIT.html,New Jersey Devils,/teams/NJD/2013.html,3,Pittsburgh Penguins,/teams/PIT/2013.html,1,,
2013,"Mon, Feb 11, 2013",/boxscores/201302110CBJ.html,San Jose Sharks,/teams/SJS/2013.html,2,Columbus Blue Jackets,/teams/CBJ/2013.html,6,,
2013,"Mon, Feb 11, 2013",/boxscores/201302110CGY.html,Minnesota Wild,/teams/MIN/2013.html,2,Calgary Flames,/teams/CGY/2013.html,1,SO,
2013,"Mon, Feb 11, 2013",/boxscores/201302110COL.html,Phoenix Coyotes,/teams/PHX/2013.html,3,Colorado Avalanche,/teams/COL/2013.html,2,OT,
2013,"Mon, Feb 11, 2013",/boxscores/201302110NYI.html,Carolina Hurricanes,/teams/CAR/2013.html,6,New York Islanders,/teams/NYI/2013.html,4,,
2013,"Mon, Feb 11, 2013",/boxscores/201302110STL.html,Los Angeles Kings,/teams/LAK/2013.html,4,St. Louis Blues,/teams/STL/2013.html,1,,
2013,"Mon, Feb 11, 2013",/boxscores/201302110TOR.html,Philadelphia Flyers,/teams/PHI/2013.html,2,Toronto Maple Leafs,/teams/TOR/2013.html,5,,
2013,"Tue, Feb 12, 2013",/boxscores/201302120BOS.html,New York Rangers,/teams/NYR/2013.html,4,Boston Bruins,/teams/BOS/2013.html,3,SO,
2013,"Tue, Feb 12, 2013",/boxscores/201302120CHI.html,Anaheim Ducks,/teams/ANA/2013.html,3,Chicago Blackhawks,/teams/CHI/2013.html,2,SO,
2013,"Tue, Feb 12, 2013",/boxscores/201302120EDM.html,Dallas Stars,/teams/DAL/2013.html,4,Edmonton Oilers,/teams/EDM/2013.html,1,,
2013,"Tue, Feb 12, 2013",/boxscores/201302120FLA.html,Washington Capitals,/teams/WSH/2013.html,6,Florida Panthers,/teams/FLA/2013.html,5,OT,
2013,"Tue, Feb 12, 2013",/boxscores/201302120NJD.html,Carolina Hurricanes,/teams/CAR/2013.html,4,New Jersey Devils,/teams/NJD/2013.html,2,,
2013,"Tue, Feb 12, 2013",/boxscores/201302120NSH.html,San Jose Sharks,/teams/SJS/2013.html,0,Nashville Predators,/teams/NSH/2013.html,1,OT,
2013,"Tue, Feb 12, 2013",/boxscores/201302120OTT.html,Buffalo Sabres,/teams/BUF/2013.html,0,Ottawa Senators,/teams/OTT/2013.html,2,,
2013,"Tue, Feb 12, 2013",/boxscores/201302120TBL.html,Montreal Canadiens,/teams/MTL/2013.html,4,Tampa Bay Lightning,/teams/TBL/2013.html,3,SO,
2013,"Tue, Feb 12, 2013",/boxscores/201302120VAN.html,Minnesota Wild,/teams/MIN/2013.html,1,Vancouver Canucks,/teams/VAN/2013.html,2,,
2013,"Tue, Feb 12, 2013",/boxscores/201302120WPG.html,Philadelphia Flyers,/teams/PHI/2013.html,3,Winnipeg Jets,/teams/WPG/2013.html,2,,
2013,"Wed, Feb 13, 2013",/boxscores/201302130CGY.html,Dallas Stars,/teams/DAL/2013.html,4,Calgary Flames,/teams/CGY/2013.html,7,,
2013,"Wed, Feb 13, 2013",/boxscores/201302130DET.html,St. Louis Blues,/teams/STL/2013.html,4,Detroit Red Wings,/teams/DET/2013.html,3,OT,
2013,"Wed, Feb 13, 2013",/boxscores/201302130PIT.html,Ottawa Senators,/teams/OTT/2013.html,2,Pittsburgh Penguins,/teams/PIT/2013.html,4,,
2013,"Thu, Feb 14, 2013",/boxscores/201302140CAR.html,Toronto Maple Leafs,/teams/TOR/2013.html,1,Carolina Hurricanes,/teams/CAR/2013.html,3,,
2013,"Thu, Feb 14, 2013",/boxscores/201302140FLA.html,Montreal Canadiens,/teams/MTL/2013.html,1,Florida Panthers,/teams/FLA/2013.html,0,OT,
2013,"Thu, Feb 14, 2013",/boxscores/201302140MIN.html,Colorado Avalanche,/teams/COL/2013.html,4,Minnesota Wild,/teams/MIN/2013.html,3,SO,
2013,"Thu, Feb 14, 2013",/boxscores/201302140NSH.html,Phoenix Coyotes,/teams/PHX/2013.html,0,Nashville Predators,/teams/NSH/2013.html,3,,
2013,"Thu, Feb 14, 2013",/boxscores/201302140NYR.html,New York Islanders,/teams/NYI/2013.html,4,New York Rangers,/teams/NYR/2013.html,3,SO,
2013,"Thu, Feb 14, 2013",/boxscores/201302140TBL.html,Washington Capitals,/teams/WSH/2013.html,4,Tampa Bay Lightning,/teams/TBL/2013.html,3,,
2013,"Fri, Feb 15, 2013",/boxscores/201302150BUF.html,Boston Bruins,/teams/BOS/2013.html,2,Buffalo Sabres,/teams/BUF/2013.html,4,,
2013,"Fri, Feb 15, 2013",/boxscores/201302150CGY.html,St. Louis Blues,/teams/STL/2013.html,5,Calgary Flames,/teams/CGY/2013.html,2,,
2013,"Fri, Feb 15, 2013",/boxscores/201302150CHI.html,San Jose Sharks,/teams/SJS/2013.html,1,Chicago Blackhawks,/teams/CHI/2013.html,4,,
2013,"Fri, Feb 15, 2013",/boxscores/201302150DET.html,Anaheim Ducks,/teams/ANA/2013.html,5,Detroit Red Wings,/teams/DET/2013.html,2,,
2013,"Fri, Feb 15, 2013",/boxscores/201302150LAK.html,Columbus Blue Jackets,/teams/CBJ/2013.html,1,Los Angeles Kings,/teams/LAK/2013.html,2,,
2013,"Fri, Feb 15, 2013",/boxscores/201302150NJD.html,Philadelphia Flyers,/teams/PHI/2013.html,3,New Jersey Devils,/teams/NJD/2013.html,5,,
2013,"Fri, Feb 15, 2013",/boxscores/201302150VAN.html,Dallas Stars,/teams/DAL/2013.html,4,Vancouver Canucks,/teams/VAN/2013.html,3,,
2013,"Fri, Feb 15, 2013",/boxscores/201302150WPG.html,Pittsburgh Penguins,/teams/PIT/2013.html,3,Winnipeg Jets,/teams/WPG/2013.html,1,,
2013,"Sat, Feb 16, 2013",/boxscores/201302160EDM.html,Colorado Avalanche,/teams/COL/2013.html,4,Edmonton Oilers,/teams/EDM/2013.html,6,,
2013,"Sat, Feb 16, 2013",/boxscores/201302160FLA.html,Tampa Bay Lightning,/teams/TBL/2013.html,6,Florida Panthers,/teams/FLA/2013.html,5,OT,
2013,"Sat, Feb 16, 2013",/boxscores/201302160MTL.html,Philadelphia Flyers,/teams/PHI/2013.html,1,Montreal Canadiens,/teams/MTL/2013.html,4,,
2013,"Sat, Feb 16, 2013",/boxscores/201302160NSH.html,Anaheim Ducks,/teams/ANA/2013.html,3,Nashville Predators,/teams/NSH/2013.html,2,SO,
2013,"Sat, Feb 16, 2013",/boxscores/201302160NYI.html,New Jersey Devils,/teams/NJD/2013.html,1,New York Islanders,/teams/NYI/2013.html,5,,
2013,"Sat, Feb 16, 2013",/boxscores/201302160PHX.html,Columbus Blue Jackets,/teams/CBJ/2013.html,3,Phoenix Coyotes,/teams/PHX/2013.html,5,,
2013,"Sat, Feb 16, 2013",/boxscores/201302160TOR.html,Ottawa Senators,/teams/OTT/2013.html,0,Toronto Maple Leafs,/teams/TOR/2013.html,3,,
2013,"Sun, Feb 17, 2013",/boxscores/201302170BUF.html,Pittsburgh Penguins,/teams/PIT/2013.html,4,Buffalo Sabres,/teams/BUF/2013.html,3,,
2013,"Sun, Feb 17, 2013",/boxscores/201302170CHI.html,Los Angeles Kings,/teams/LAK/2013.html,2,Chicago Blackhawks,/teams/CHI/2013.html,3,,
2013,"Sun, Feb 17, 2013",/boxscores/201302170DAL.html,Calgary Flames,/teams/CGY/2013.html,4,Dallas Stars,/teams/DAL/2013.html,3,,
2013,"Sun, Feb 17, 2013",/boxscores/201302170MIN.html,Detroit Red Wings,/teams/DET/2013.html,2,Minnesota Wild,/teams/MIN/2013.html,3,,
2013,"Sun, Feb 17, 2013",/boxscores/201302170NYR.html,Washington Capitals,/teams/WSH/2013.html,1,New York Rangers,/teams/NYR/2013.html,2,,
2013,"Sun, Feb 17, 2013",/boxscores/201302170VAN.html,St. Louis Blues,/teams/STL/2013.html,4,Vancouver Canucks,/teams/VAN/2013.html,3,SO,
2013,"Sun, Feb 17, 2013",/boxscores/201302170WPG.html,Boston Bruins,/teams/BOS/2013.html,3,Winnipeg Jets,/teams/WPG/2013.html,2,,
2013,"Mon, Feb 18, 2013",/boxscores/201302180ANA.html,Columbus Blue Jackets,/teams/CBJ/2013.html,2,Anaheim Ducks,/teams/ANA/2013.html,3,,
2013,"Mon, Feb 18, 2013",/boxscores/201302180COL.html,Nashville Predators,/teams/NSH/2013.html,5,Colorado Avalanche,/teams/COL/2013.html,6,,
2013,"Mon, Feb 18, 2013",/boxscores/201302180FLA.html,Toronto Maple Leafs,/teams/TOR/2013.html,3,Florida Panthers,/teams/FLA/2013.html,0,,
2013,"Mon, Feb 18, 2013",/boxscores/201302180MTL.html,Carolina Hurricanes,/teams/CAR/2013.html,0,Montreal Canadiens,/teams/MTL/2013.html,3,,
2013,"Mon, Feb 18, 2013",/boxscores/201302180NJD.html,Ottawa Senators,/teams/OTT/2013.html,2,New Jersey Devils,/teams/NJD/2013.html,1,SO,
2013,"Mon, Feb 18, 2013",/boxscores/201302180NYI.html,Philadelphia Flyers,/teams/PHI/2013.html,7,New York Islanders,/teams/NYI/2013.html,0,,
2013,"Mon, Feb 18, 2013",/boxscores/201302180PHX.html,Calgary Flames,/teams/CGY/2013.html,0,Phoenix Coyotes,/teams/PHX/2013.html,4,,
2013,"Tue, Feb 19, 2013",/boxscores/201302190BUF.html,Winnipeg Jets,/teams/WPG/2013.html,2,Buffalo Sabres,/teams/BUF/2013.html,1,,
2013,"Tue, Feb 19, 2013",/boxscores/201302190CHI.html,Vancouver Canucks,/teams/VAN/2013.html,3,Chicago Blackhawks,/teams/CHI/2013.html,4,SO,
2013,"Tue, Feb 19, 2013",/boxscores/201302190EDM.html,Los Angeles Kings,/teams/LAK/2013.html,3,Edmonton Oilers,/teams/EDM/2013.html,1,,
2013,"Tue, Feb 19, 2013",/boxscores/201302190NSH.html,Detroit Red Wings,/teams/DET/2013.html,3,Nashville Predators,/teams/NSH/2013.html,4,OT,
2013,"Tue, Feb 19, 2013",/boxscores/201302190NYR.html,Montreal Canadiens,/teams/MTL/2013.html,3,New York Rangers,/teams/NYR/2013.html,1,,
2013,"Tue, Feb 19, 2013",/boxscores/201302190OTT.html,New York Islanders,/teams/NYI/2013.html,1,Ottawa Senators,/teams/OTT/2013.html,3,,
2013,"Tue, Feb 19, 2013",/boxscores/201302190STL.html,San Jose Sharks,/teams/SJS/2013.html,2,St. Louis Blues,/teams/STL/2013.html,1,,
2013,"Tue, Feb 19, 2013",/boxscores/201302190TBL.html,Toronto Maple Leafs,/teams/TOR/2013.html,2,Tampa Bay Lightning,/teams/TBL/2013.html,4,,
2013,"Wed, Feb 20, 2013",/boxscores/201302200CGY.html,Los Angeles Kings,/teams/LAK/2013.html,3,Calgary Flames,/teams/CGY/2013.html,1,,
2013,"Wed, Feb 20, 2013",/boxscores/201302200COL.html,St. Louis Blues,/teams/STL/2013.html,0,Colorado Avalanche,/teams/COL/2013.html,1,OT,
2013,"Wed, Feb 20, 2013",/boxscores/201302200PIT.html,Philadelphia Flyers,/teams/PHI/2013.html,6,Pittsburgh Penguins,/teams/PIT/2013.html,5,,
2013,"Thu, Feb 21, 2013",/boxscores/201302210CAR.html,Winnipeg Jets,/teams/WPG/2013.html,4,Carolina Hurricanes,/teams/CAR/2013.html,3,,
2013,"Thu, Feb 21, 2013",/boxscores/201302210DAL.html,Vancouver Canucks,/teams/VAN/2013.html,4,Dallas Stars,/teams/DAL/2013.html,3,,
2013,"Thu, Feb 21, 2013",/boxscores/201302210DET.html,Columbus Blue Jackets,/teams/CBJ/2013.html,3,Detroit Red Wings,/teams/DET/2013.html,2,,
2013,"Thu, Feb 21, 2013",/boxscores/201302210EDM.html,Minnesota Wild,/teams/MIN/2013.html,3,Edmonton Oilers,/teams/EDM/2013.html,1,,
2013,"Thu, Feb 21, 2013",/boxscores/201302210MTL.html,New York Islanders,/teams/NYI/2013.html,4,Montreal Canadiens,/teams/MTL/2013.html,3,OT,
2013,"Thu, Feb 21, 2013",/boxscores/201302210OTT.html,New York Rangers,/teams/NYR/2013.html,2,Ottawa Senators,/teams/OTT/2013.html,3,SO,
2013,"Thu, Feb 21, 2013",/boxscores/201302210PHI.html,Florida Panthers,/teams/FLA/2013.html,5,Philadelphia Flyers,/teams/PHI/2013.html,2,,
2013,"Thu, Feb 21, 2013",/boxscores/201302210TBL.html,Boston Bruins,/teams/BOS/2013.html,4,Tampa Bay Lightning,/teams/TBL/2013.html,2,,
2013,"Thu, Feb 21, 2013",/boxscores/201302210TOR.html,Buffalo Sabres,/teams/BUF/2013.html,1,Toronto Maple Leafs,/teams/TOR/2013.html,3,,
2013,"Thu, Feb 21, 2013",/boxscores/201302210WSH.html,New Jersey Devils,/teams/NJD/2013.html,3,Washington Capitals,/teams/WSH/2013.html,2,,
2013,"Fri, Feb 22, 2013",/boxscores/201302220CHI.html,San Jose Sharks,/teams/SJS/2013.html,1,Chicago Blackhawks,/teams/CHI/2013.html,2,,
2013,"Fri, Feb 22, 2013",/boxscores/201302220NSH.html,Vancouver Canucks,/teams/VAN/2013.html,1,Nashville Predators,/teams/NSH/2013.html,0,,
2013,"Fri, Feb 22, 2013",/boxscores/201302220PIT.html,Florida Panthers,/teams/FLA/2013.html,1,Pittsburgh Penguins,/teams/PIT/2013.html,3,,
2013,"Sat, Feb 23, 2013",/boxscores/201302230BUF.html,New York Islanders,/teams/NYI/2013.html,4,Buffalo Sabres,/teams/BUF/2013.html,0,,
2013,"Sat, Feb 23, 2013",/boxscores/201302230CAR.html,Tampa Bay Lightning,/teams/TBL/2013.html,5,Carolina Hurricanes,/teams/CAR/2013.html,2,,
2013,"Sat, Feb 23, 2013",/boxscores/201302230CGY.html,Minnesota Wild,/teams/MIN/2013.html,1,Calgary Flames,/teams/CGY/2013.html,3,,
2013,"Sat, Feb 23, 2013",/boxscores/201302230DAL.html,San Jose Sharks,/teams/SJS/2013.html,1,Dallas Stars,/teams/DAL/2013.html,3,,
2013,"Sat, Feb 23, 2013",/boxscores/201302230DET.html,Nashville Predators,/teams/NSH/2013.html,0,Detroit Red Wings,/teams/DET/2013.html,4,,
2013,"Sat, Feb 23, 2013",/boxscores/201302230EDM.html,Phoenix Coyotes,/teams/PHX/2013.html,2,Edmonton Oilers,/teams/EDM/2013.html,3,SO,
2013,"Sat, Feb 23, 2013",/boxscores/201302230LAK.html,Colorado Avalanche,/teams/COL/2013.html,1,Los Angeles Kings,/teams/LAK/2013.html,4,,
2013,"Sat, Feb 23, 2013",/boxscores/201302230MTL.html,New York Rangers,/teams/NYR/2013.html,0,Montreal Canadiens,/teams/MTL/2013.html,3,,
2013,"Sat, Feb 23, 2013",/boxscores/201302230OTT.html,Toronto Maple Leafs,/teams/TOR/2013.html,2,Ottawa Senators,/teams/OTT/2013.html,3,,
2013,"Sat, Feb 23, 2013",/boxscores/201302230PHI.html,Winnipeg Jets,/teams/WPG/2013.html,3,Philadelphia Flyers,/teams/PHI/2013.html,5,,
2013,"Sat, Feb 23, 2013",/boxscores/201302230STL.html,Columbus Blue Jackets,/teams/CBJ/2013.html,1,St. Louis Blues,/teams/STL/2013.html,2,,
2013,"Sat, Feb 23, 2013",/boxscores/201302230WSH.html,New Jersey Devils,/teams/NJD/2013.html,1,Washington Capitals,/teams/WSH/2013.html,5,,
2013,"Sun, Feb 24, 2013",/boxscores/201302240ANA.html,Colorado Avalanche,/teams/COL/2013.html,3,Anaheim Ducks,/teams/ANA/2013.html,4,OT,
2013,"Sun, Feb 24, 2013",/boxscores/201302240CGY.html,Phoenix Coyotes,/teams/PHX/2013.html,4,Calgary Flames,/teams/CGY/2013.html,5,,
2013,"Sun, Feb 24, 2013",/boxscores/201302240CHI.html,Columbus Blue Jackets,/teams/CBJ/2013.html,0,Chicago Blackhawks,/teams/CHI/2013.html,1,,
2013,"Sun, Feb 24, 2013",/boxscores/201302240DET.html,Vancouver Canucks,/teams/VAN/2013.html,3,Detroit Red Wings,/teams/DET/2013.html,8,,
2013,"Sun, Feb 24, 2013",/boxscores/201302240FLA.html,Boston Bruins,/teams/BOS/2013.html,4,Florida Panthers,/teams/FLA/2013.html,1,,
2013,"Sun, Feb 24, 2013",/boxscores/201302240NJD.html,Winnipeg Jets,/teams/WPG/2013.html,4,New Jersey Devils,/teams/NJD/2013.html,2,,
2013,"Sun, Feb 24, 2013",/boxscores/201302240NYI.html,Carolina Hurricanes,/teams/CAR/2013.html,4,New York Islanders,/teams/NYI/2013.html,2,,
2013,"Sun, Feb 24, 2013",/boxscores/201302240PIT.html,Tampa Bay Lightning,/teams/TBL/2013.html,3,Pittsburgh Penguins,/teams/PIT/2013.html,5,,
2013,"Mon, Feb 25, 2013",/boxscores/201302250CHI.html,Edmonton Oilers,/teams/EDM/2013.html,2,Chicago Blackhawks,/teams/CHI/2013.html,3,OT,
2013,"Mon, Feb 25, 2013",/boxscores/201302250LAK.html,Anaheim Ducks,/teams/ANA/2013.html,2,Los Angeles Kings,/teams/LAK/2013.html,5,,
2013,"Mon, Feb 25, 2013",/boxscores/201302250NSH.html,Dallas Stars,/teams/DAL/2013.html,4,Nashville Predators,/teams/NSH/2013.html,5,OT,
2013,"Mon, Feb 25, 2013",/boxscores/201302250OTT.html,Montreal Canadiens,/teams/MTL/2013.html,1,Ottawa Senators,/teams/OTT/2013.html,2,SO,
2013,"Mon, Feb 25, 2013",/boxscores/201302250PHI.html,Toronto Maple Leafs,/teams/TOR/2013.html,4,Philadelphia Flyers,/teams/PHI/2013.html,2,,
2013,"Tue, Feb 26, 2013",/boxscores/201302260CBJ.html,Dallas Stars,/teams/DAL/2013.html,5,Columbus Blue Jackets,/teams/CBJ/2013.html,4,OT,
2013,"Tue, Feb 26, 2013",/boxscores/201302260FLA.html,Pittsburgh Penguins,/teams/PIT/2013.html,4,Florida Panthers,/teams/FLA/2013.html,6,,
2013,"Tue, Feb 26, 2013",/boxscores/201302260MIN.html,Calgary Flames,/teams/CGY/2013.html,1,Minnesota Wild,/teams/MIN/2013.html,2,OT,
2013,"Tue, Feb 26, 2013",/boxscores/201302260NYI.html,Boston Bruins,/teams/BOS/2013.html,4,New York Islanders,/teams/NYI/2013.html,1,,
2013,"Tue, Feb 26, 2013",/boxscores/201302260NYR.html,Winnipeg Jets,/teams/WPG/2013.html,4,New York Rangers,/teams/NYR/2013.html,3,,
2013,"Tue, Feb 26, 2013",/boxscores/201302260SJS.html,Colorado Avalanche,/teams/COL/2013.html,2,San Jose Sharks,/teams/SJS/2013.html,3,SO,
2013,"Tue, Feb 26, 2013",/boxscores/201302260TBL.html,Buffalo Sabres,/teams/BUF/2013.html,2,Tampa Bay Lightning,/teams/TBL/2013.html,1,,
2013,"Tue, Feb 26, 2013",/boxscores/201302260VAN.html,Phoenix Coyotes,/teams/PHX/2013.html,4,Vancouver Canucks,/teams/VAN/2013.html,2,,
2013,"Tue, Feb 26, 2013",/boxscores/201302260WSH.html,Carolina Hurricanes,/teams/CAR/2013.html,0,Washington Capitals,/teams/WSH/2013.html,3,,
2013,"Wed, Feb 27, 2013",/boxscores/201302270ANA.html,Nashville Predators,/teams/NSH/2013.html,1,Anaheim Ducks,/teams/ANA/2013.html,5,,
2013,"Wed, Feb 27, 2013",/boxscores/201302270LAK.html,Detroit Red Wings,/teams/DET/2013.html,1,Los Angeles Kings,/teams/LAK/2013.html,2,,
2013,"Wed, Feb 27, 2013",/boxscores/201302270PHI.html,Washington Capitals,/teams/WSH/2013.html,1,Philadelphia Flyers,/teams/PHI/2013.html,4,,
2013,"Wed, Feb 27, 2013",/boxscores/201302270TOR.html,Montreal Canadiens,/teams/MTL/2013.html,5,Toronto Maple Leafs,/teams/TOR/2013.html,2,,
2013,"Thu, Feb 28, 2013",/boxscores/201302280BOS.html,Ottawa Senators,/teams/OTT/2013.html,1,Boston Bruins,/teams/BOS/2013.html,2,OT,
2013,"Thu, Feb 28, 2013",/boxscores/201302280CAR.html,Pittsburgh Penguins,/teams/PIT/2013.html,1,Carolina Hurricanes,/teams/CAR/2013.html,4,,
2013,"Thu, Feb 28, 2013",/boxscores/201302280COL.html,Calgary Flames,/teams/CGY/2013.html,4,Colorado Avalanche,/teams/COL/2013.html,5,,
2013,"Thu, Feb 28, 2013",/boxscores/201302280DAL.html,Edmonton Oilers,/teams/EDM/2013.html,5,Dallas Stars,/teams/DAL/2013.html,1,,
2013,"Thu, Feb 28, 2013",/boxscores/201302280FLA.html,Buffalo Sabres,/teams/BUF/2013.html,4,Florida Panthers,/teams/FLA/2013.html,3,SO,
2013,"Thu, Feb 28, 2013",/boxscores/201302280NYI.html,Toronto Maple Leafs,/teams/TOR/2013.html,5,New York Islanders,/teams/NYI/2013.html,4,OT,
2013,"Thu, Feb 28, 2013",/boxscores/201302280NYR.html,Tampa Bay Lightning,/teams/TBL/2013.html,1,New York Rangers,/teams/NYR/2013.html,4,,
2013,"Thu, Feb 28, 2013",/boxscores/201302280PHX.html,Minnesota Wild,/teams/MIN/2013.html,4,Phoenix Coyotes,/teams/PHX/2013.html,3,,
2013,"Thu, Feb 28, 2013",/boxscores/201302280SJS.html,Detroit Red Wings,/teams/DET/2013.html,2,San Jose Sharks,/teams/SJS/2013.html,1,SO,
2013,"Thu, Feb 28, 2013",/boxscores/201302280STL.html,Chicago Blackhawks,/teams/CHI/2013.html,3,St. Louis Blues,/teams/STL/2013.html,0,,
2013,"Thu, Feb 28, 2013",/boxscores/201302280WPG.html,New Jersey Devils,/teams/NJD/2013.html,1,Winnipeg Jets,/teams/WPG/2013.html,3,,
2013,"Fri, Mar 1, 2013",/boxscores/201303010ANA.html,Minnesota Wild,/teams/MIN/2013.html,2,Anaheim Ducks,/teams/ANA/2013.html,3,,
2013,"Fri, Mar 1, 2013",/boxscores/201303010CHI.html,Columbus Blue Jackets,/teams/CBJ/2013.html,3,Chicago Blackhawks,/teams/CHI/2013.html,4,OT,
2013,"Fri, Mar 1, 2013",/boxscores/201303010STL.html,Edmonton Oilers,/teams/EDM/2013.html,2,St. Louis Blues,/teams/STL/2013.html,4,,
2013,"Sat, Mar 2, 2013",/boxscores/201303020BOS.html,Tampa Bay Lightning,/teams/TBL/2013.html,2,Boston Bruins,/teams/BOS/2013.html,3,,
2013,"Sat, Mar 2, 2013",/boxscores/201303020BUF.html,New Jersey Devils,/teams/NJD/2013.html,3,Buffalo Sabres,/teams/BUF/2013.html,4,SO,
2013,"Sat, Mar 2, 2013",/boxscores/201303020CAR.html,Florida Panthers,/teams/FLA/2013.html,2,Carolina Hurricanes,/teams/CAR/2013.html,6,,
2013,"Sat, Mar 2, 2013",/boxscores/201303020MTL.html,Pittsburgh Penguins,/teams/PIT/2013.html,7,Montreal Canadiens,/teams/MTL/2013.html,6,OT,
2013,"Sat, Mar 2, 2013",/boxscores/201303020PHI.html,Ottawa Senators,/teams/OTT/2013.html,1,Philadelphia Flyers,/teams/PHI/2013.html,2,,
2013,"Sat, Mar 2, 2013",/boxscores/201303020PHX.html,Anaheim Ducks,/teams/ANA/2013.html,4,Phoenix Coyotes,/teams/PHX/2013.html,5,SO,
2013,"Sat, Mar 2, 2013",/boxscores/201303020SJS.html,Nashville Predators,/teams/NSH/2013.html,1,San Jose Sharks,/teams/SJS/2013.html,2,,
2013,"Sat, Mar 2, 2013",/boxscores/201303020VAN.html,Los Angeles Kings,/teams/LAK/2013.html,2,Vancouver Canucks,/teams/VAN/2013.html,5,,
2013,"Sat, Mar 2, 2013",/boxscores/201303020WPG.html,Washington Capitals,/teams/WSH/2013.html,3,Winnipeg Jets,/teams/WPG/2013.html,0,,
2013,"Sun, Mar 3, 2013",/boxscores/201303030BOS.html,Montreal Canadiens,/teams/MTL/2013.html,4,Boston Bruins,/teams/BOS/2013.html,3,,
2013,"Sun, Mar 3, 2013",/boxscores/201303030CBJ.html,Colorado Avalanche,/teams/COL/2013.html,1,Columbus Blue Jackets,/teams/CBJ/2013.html,2,OT,
2013,"Sun, Mar 3, 2013",/boxscores/201303030CGY.html,Vancouver Canucks,/teams/VAN/2013.html,2,Calgary Flames,/teams/CGY/2013.html,4,,
2013,"Sun, Mar 3, 2013",/boxscores/201303030DAL.html,St. Louis Blues,/teams/STL/2013.html,1,Dallas Stars,/teams/DAL/2013.html,4,,
2013,"Sun, Mar 3, 2013",/boxscores/201303030DET.html,Chicago Blackhawks,/teams/CHI/2013.html,2,Detroit Red Wings,/teams/DET/2013.html,1,SO,
2013,"Sun, Mar 3, 2013",/boxscores/201303030FLA.html,Carolina Hurricanes,/teams/CAR/2013.html,3,Florida Panthers,/teams/FLA/2013.html,2,,
2013,"Sun, Mar 3, 2013",/boxscores/201303030MIN.html,Edmonton Oilers,/teams/EDM/2013.html,2,Minnesota Wild,/teams/MIN/2013.html,4,,
2013,"Sun, Mar 3, 2013",/boxscores/201303030NYI.html,Ottawa Senators,/teams/OTT/2013.html,2,New York Islanders,/teams/NYI/2013.html,3,SO,
2013,"Sun, Mar 3, 2013",/boxscores/201303030NYR.html,Buffalo Sabres,/teams/BUF/2013.html,2,New York Rangers,/teams/NYR/2013.html,3,SO,
2013,"Mon, Mar 4, 2013",/boxscores/201303040LAK.html,Nashville Predators,/teams/NSH/2013.html,1,Los Angeles Kings,/teams/LAK/2013.html,5,,
2013,"Mon, Mar 4, 2013",/boxscores/201303040PHX.html,Anaheim Ducks,/teams/ANA/2013.html,4,Phoenix Coyotes,/teams/PHX/2013.html,5,SO,
2013,"Mon, Mar 4, 2013",/boxscores/201303040PIT.html,Tampa Bay Lightning,/teams/TBL/2013.html,3,Pittsburgh Penguins,/teams/PIT/2013.html,4,,
2013,"Mon, Mar 4, 2013",/boxscores/201303040TOR.html,New Jersey Devils,/teams/NJD/2013.html,2,Toronto Maple Leafs,/teams/TOR/2013.html,4,,
2013,"Tue, Mar 5, 2013",/boxscores/201303050CAR.html,Buffalo Sabres,/teams/BUF/2013.html,3,Carolina Hurricanes,/teams/CAR/2013.html,4,,
2013,"Tue, Mar 5, 2013",/boxscores/201303050CBJ.html,Edmonton Oilers,/teams/EDM/2013.html,3,Columbus Blue Jackets,/teams/CBJ/2013.html,4,SO,
2013,"Tue, Mar 5, 2013",/boxscores/201303050CHI.html,Minnesota Wild,/teams/MIN/2013.html,3,Chicago Blackhawks,/teams/CHI/2013.html,5,,
2013,"Tue, Mar 5, 2013",/boxscores/201303050DET.html,Colorado Avalanche,/teams/COL/2013.html,1,Detroit Red Wings,/teams/DET/2013.html,2,,
2013,"Tue, Mar 5, 2013",/boxscores/201303050FLA.html,Winnipeg Jets,/teams/WPG/2013.html,1,Florida Panthers,/teams/FLA/2013.html,4,,
2013,"Tue, Mar 5, 2013",/boxscores/201303050LAK.html,St. Louis Blues,/teams/STL/2013.html,4,Los Angeles Kings,/teams/LAK/2013.html,6,,
2013,"Tue, Mar 5, 2013",/boxscores/201303050NJD.html,Tampa Bay Lightning,/teams/TBL/2013.html,5,New Jersey Devils,/teams/NJD/2013.html,2,,
2013,"Tue, Mar 5, 2013",/boxscores/201303050NYI.html,Montreal Canadiens,/teams/MTL/2013.html,3,New York Islanders,/teams/NYI/2013.html,6,,
2013,"Tue, Mar 5, 2013",/boxscores/201303050NYR.html,Philadelphia Flyers,/teams/PHI/2013.html,2,New York Rangers,/teams/NYR/2013.html,4,,
2013,"Tue, Mar 5, 2013",/boxscores/201303050VAN.html,San Jose Sharks,/teams/SJS/2013.html,3,Vancouver Canucks,/teams/VAN/2013.html,2,SO,
2013,"Tue, Mar 5, 2013",/boxscores/201303050WSH.html,Boston Bruins,/teams/BOS/2013.html,3,Washington Capitals,/teams/WSH/2013.html,4,OT,
2013,"Wed, Mar 6, 2013",/boxscores/201303060ANA.html,Phoenix Coyotes,/teams/PHX/2013.html,0,Anaheim Ducks,/teams/ANA/2013.html,2,,
2013,"Wed, Mar 6, 2013",/boxscores/201303060CGY.html,San Jose Sharks,/teams/SJS/2013.html,1,Calgary Flames,/teams/CGY/2013.html,4,,
2013,"Wed, Mar 6, 2013",/boxscores/201303060CHI.html,Colorado Avalanche,/teams/COL/2013.html,2,Chicago Blackhawks,/teams/CHI/2013.html,3,,
2013,"Wed, Mar 6, 2013",/boxscores/201303060TOR.html,Ottawa Senators,/teams/OTT/2013.html,4,Toronto Maple Leafs,/teams/TOR/2013.html,5,,
2013,"Thu, Mar 7, 2013",/boxscores/201303070BOS.html,Toronto Maple Leafs,/teams/TOR/2013.html,2,Boston Bruins,/teams/BOS/2013.html,4,,
2013,"Thu, Mar 7, 2013",/boxscores/201303070CAR.html,Montreal Canadiens,/teams/MTL/2013.html,4,Carolina Hurricanes,/teams/CAR/2013.html,2,,
2013,"Thu, Mar 7, 2013",/boxscores/201303070CBJ.html,Vancouver Canucks,/teams/VAN/2013.html,1,Columbus Blue Jackets,/teams/CBJ/2013.html,2,OT,
2013,"Thu, Mar 7, 2013",/boxscores/201303070DET.html,Edmonton Oilers,/teams/EDM/2013.html,0,Detroit Red Wings,/teams/DET/2013.html,3,,
2013,"Thu, Mar 7, 2013",/boxscores/201303070LAK.html,Dallas Stars,/teams/DAL/2013.html,5,Los Angeles Kings,/teams/LAK/2013.html,2,,
2013,"Thu, Mar 7, 2013",/boxscores/201303070NJD.html,Buffalo Sabres,/teams/BUF/2013.html,2,New Jersey Devils,/teams/NJD/2013.html,3,SO,
2013,"Thu, Mar 7, 2013",/boxscores/201303070NYI.html,New York Rangers,/teams/NYR/2013.html,2,New York Islanders,/teams/NYI/2013.html,1,OT,
2013,"Thu, Mar 7, 2013",/boxscores/201303070PHI.html,Pittsburgh Penguins,/teams/PIT/2013.html,5,Philadelphia Flyers,/teams/PHI/2013.html,4,,
2013,"Thu, Mar 7, 2013",/boxscores/201303070PHX.html,St. Louis Blues,/teams/STL/2013.html,6,Phoenix Coyotes,/teams/PHX/2013.html,3,,
2013,"Thu, Mar 7, 2013",/boxscores/201303070TBL.html,Winnipeg Jets,/teams/WPG/2013.html,2,Tampa Bay Lightning,/teams/TBL/2013.html,1,,
2013,"Thu, Mar 7, 2013",/boxscores/201303070WSH.html,Florida Panthers,/teams/FLA/2013.html,1,Washington Capitals,/teams/WSH/2013.html,7,,
2013,"Fri, Mar 8, 2013",/boxscores/201303080ANA.html,Calgary Flames,/teams/CGY/2013.html,0,Anaheim Ducks,/teams/ANA/2013.html,4,,
2013,"Fri, Mar 8, 2013",/boxscores/201303080COL.html,Chicago Blackhawks,/teams/CHI/2013.html,2,Colorado Avalanche,/teams/COL/2013.html,6,,
2013,"Fri, Mar 8, 2013",/boxscores/201303080FLA.html,Winnipeg Jets,/teams/WPG/2013.html,3,Florida Panthers,/teams/FLA/2013.html,2,OT,
2013,"Fri, Mar 8, 2013",/boxscores/201303080NSH.html,Edmonton Oilers,/teams/EDM/2013.html,0,Nashville Predators,/teams/NSH/2013.html,6,,
2013,"Fri, Mar 8, 2013",/boxscores/201303080NYR.html,Ottawa Senators,/teams/OTT/2013.html,3,New York Rangers,/teams/NYR/2013.html,2,,
2013,"Sat, Mar 9, 2013",/boxscores/201303090BOS.html,Philadelphia Flyers,/teams/PHI/2013.html,0,Boston Bruins,/teams/BOS/2013.html,3,,
2013,"Sat, Mar 9, 2013",/boxscores/201303090CAR.html,New Jersey Devils,/teams/NJD/2013.html,3,Carolina Hurricanes,/teams/CAR/2013.html,6,,
2013,"Sat, Mar 9, 2013",/boxscores/201303090CBJ.html,Detroit Red Wings,/teams/DET/2013.html,0,Columbus Blue Jackets,/teams/CBJ/2013.html,3,,
2013,"Sat, Mar 9, 2013",/boxscores/201303090LAK.html,Calgary Flames,/teams/CGY/2013.html,2,Los Angeles Kings,/teams/LAK/2013.html,6,,
2013,"Sat, Mar 9, 2013",/boxscores/201303090NSH.html,Minnesota Wild,/teams/MIN/2013.html,2,Nashville Predators,/teams/NSH/2013.html,1,SO,
2013,"Sat, Mar 9, 2013",/boxscores/201303090NYI.html,Washington Capitals,/teams/WSH/2013.html,2,New York Islanders,/teams/NYI/2013.html,5,,
2013,"Sat, Mar 9, 2013",/boxscores/201303090PHX.html,Dallas Stars,/teams/DAL/2013.html,1,Phoenix Coyotes,/teams/PHX/2013.html,2,,
2013,"Sat, Mar 9, 2013",/boxscores/201303090SJS.html,St. Louis Blues,/teams/STL/2013.html,4,San Jose Sharks,/teams/SJS/2013.html,3,OT,
2013,"Sat, Mar 9, 2013",/boxscores/201303090TBL.html,Montreal Canadiens,/teams/MTL/2013.html,4,Tampa Bay Lightning,/teams/TBL/2013.html,3,,
2013,"Sat, Mar 9, 2013",/boxscores/201303090TOR.html,Pittsburgh Penguins,/teams/PIT/2013.html,5,Toronto Maple Leafs,/teams/TOR/2013.html,4,SO,
2013,"Sun, Mar 10, 2013",/boxscores/201303100ANA.html,St. Louis Blues,/teams/STL/2013.html,2,Anaheim Ducks,/teams/ANA/2013.html,4,,
2013,"Sun, Mar 10, 2013",/boxscores/201303100CHI.html,Edmonton Oilers,/teams/EDM/2013.html,6,Chicago Blackhawks,/teams/CHI/2013.html,5,,
2013,"Sun, Mar 10, 2013",/boxscores/201303100COL.html,San Jose Sharks,/teams/SJS/2013.html,2,Colorado Avalanche,/teams/COL/2013.html,3,OT,
2013,"Sun, Mar 10, 2013",/boxscores/201303100DET.html,Columbus Blue Jackets,/teams/CBJ/2013.html,3,Detroit Red Wings,/teams/DET/2013.html,2,SO,
2013,"Sun, Mar 10, 2013",/boxscores/201303100FLA.html,Montreal Canadiens,/teams/MTL/2013.html,5,Florida Panthers,/teams/FLA/2013.html,2,,
2013,"Sun, Mar 10, 2013",/boxscores/201303100MIN.html,Vancouver Canucks,/teams/VAN/2013.html,2,Minnesota Wild,/teams/MIN/2013.html,4,,
2013,"Sun, Mar 10, 2013",/boxscores/201303100NJD.html,Winnipeg Jets,/teams/WPG/2013.html,2,New Jersey Devils,/teams/NJD/2013.html,3,SO,
2013,"Sun, Mar 10, 2013",/boxscores/201303100PHI.html,Buffalo Sabres,/teams/BUF/2013.html,2,Philadelphia Flyers,/teams/PHI/2013.html,3,,
2013,"Sun, Mar 10, 2013",/boxscores/201303100PIT.html,New York Islanders,/teams/NYI/2013.html,1,Pittsburgh Penguins,/teams/PIT/2013.html,6,,
2013,"Sun, Mar 10, 2013",/boxscores/201303100WSH.html,New York Rangers,/teams/NYR/2013.html,4,Washington Capitals,/teams/WSH/2013.html,1,,
2013,"Mon, Mar 11, 2013",,Calgary Flames,/teams/CGY/2013.html,,Los Angeles Kings,/teams/LAK/2013.html,,,
2013,"Mon, Mar 11, 2013",,Boston Bruins,/teams/BOS/2013.html,,Ottawa Senators,/teams/OTT/2013.html,,,
2013,"Tue, Mar 12, 2013",,New York Rangers,/teams/NYR/2013.html,,Buffalo Sabres,/teams/BUF/2013.html,,,
2013,"Tue, Mar 12, 2013",,Vancouver Canucks,/teams/VAN/2013.html,,Columbus Blue Jackets,/teams/CBJ/2013.html,,,
2013,"Tue, Mar 12, 2013",,Edmonton Oilers,/teams/EDM/2013.html,,Colorado Avalanche,/teams/COL/2013.html,,,
2013,"Tue, Mar 12, 2013",,Nashville Predators,/teams/NSH/2013.html,,Dallas Stars,/teams/DAL/2013.html,,,
2013,"Tue, Mar 12, 2013",,Tampa Bay Lightning,/teams/TBL/2013.html,,Florida Panthers,/teams/FLA/2013.html,,,
2013,"Tue, Mar 12, 2013",,Anaheim Ducks,/teams/ANA/2013.html,,Minnesota Wild,/teams/MIN/2013.html,,,
2013,"Tue, Mar 12, 2013",,Los Angeles Kings,/teams/LAK/2013.html,,Phoenix Coyotes,/teams/PHX/2013.html,,,
2013,"Tue, Mar 12, 2013",,Boston Bruins,/teams/BOS/2013.html,,Pittsburgh Penguins,/teams/PIT/2013.html,,,
2013,"Tue, Mar 12, 2013",,San Jose Sharks,/teams/SJS/2013.html,,St. Louis Blues,/teams/STL/2013.html,,,
2013,"Tue, Mar 12, 2013",,Toronto Maple Leafs,/teams/TOR/2013.html,,Winnipeg Jets,/teams/WPG/2013.html,,,
2013,"Tue, Mar 12, 2013",,Carolina Hurricanes,/teams/CAR/2013.html,,Washington Capitals,/teams/WSH/2013.html,,,
2013,"Wed, Mar 13, 2013",,Detroit Red Wings,/teams/DET/2013.html,,Calgary Flames,/teams/CGY/2013.html,,,
2013,"Wed, Mar 13, 2013",,Ottawa Senators,/teams/OTT/2013.html,,Montreal Canadiens,/teams/MTL/2013.html,,,
2013,"Wed, Mar 13, 2013",,Philadelphia Flyers,/teams/PHI/2013.html,,New Jersey Devils,/teams/NJD/2013.html,,,
2013,"Thu, Mar 14, 2013",,Florida Panthers,/teams/FLA/2013.html,,Boston Bruins,/teams/BOS/2013.html,,,
2013,"Thu, Mar 14, 2013",,Washington Capitals,/teams/WSH/2013.html,,Carolina Hurricanes,/teams/CAR/2013.html,,,
2013,"Thu, Mar 14, 2013",,Chicago Blackhawks,/teams/CHI/2013.html,,Columbus Blue Jackets,/teams/CBJ/2013.html,,,
2013,"Thu, Mar 14, 2013",,Anaheim Ducks,/teams/ANA/2013.html,,Dallas Stars,/teams/DAL/2013.html,,,
2013,"Thu, Mar 14, 2013",,Colorado Avalanche,/teams/COL/2013.html,,Minnesota Wild,/teams/MIN/2013.html,,,
2013,"Thu, Mar 14, 2013",,Los Angeles Kings,/teams/LAK/2013.html,,San Jose Sharks,/teams/SJS/2013.html,,,
2013,"Thu, Mar 14, 2013",,Phoenix Coyotes,/teams/PHX/2013.html,,St. Louis Blues,/teams/STL/2013.html,,,
2013,"Thu, Mar 14, 2013",,New York Islanders,/teams/NYI/2013.html,,Tampa Bay Lightning,/teams/TBL/2013.html,,,
2013,"Thu, Mar 14, 2013",,Pittsburgh Penguins,/teams/PIT/2013.html,,Toronto Maple Leafs,/teams/TOR/2013.html,,,
2013,"Thu, Mar 14, 2013",,Nashville Predators,/teams/NSH/2013.html,,Vancouver Canucks,/teams/VAN/2013.html,,,
2013,"Thu, Mar 14, 2013",,New York Rangers,/teams/NYR/2013.html,,Winnipeg Jets,/teams/WPG/2013.html,,,
2013,"Fri, Mar 15, 2013",,Nashville Predators,/teams/NSH/2013.html,,Calgary Flames,/teams/CGY/2013.html,,,
2013,"Fri, Mar 15, 2013",,Detroit Red Wings,/teams/DET/2013.html,,Edmonton Oilers,/teams/EDM/2013.html,,,
2013,"Fri, Mar 15, 2013",,New Jersey Devils,/teams/NJD/2013.html,,Philadelphia Flyers,/teams/PHI/2013.html,,,
2013,"Sat, Mar 16, 2013",,Washington Capitals,/teams/WSH/2013.html,,Boston Bruins,/teams/BOS/2013.html,,,
2013,"Sat, Mar 16, 2013",,Ottawa Senators,/teams/OTT/2013.html,,Buffalo Sabres,/teams/BUF/2013.html,,,
2013,"Sat, Mar 16, 2013",,Phoenix Coyotes,/teams/PHX/2013.html,,Columbus Blue Jackets,/teams/CBJ/2013.html,,,
2013,"Sat, Mar 16, 2013",,Minnesota Wild,/teams/MIN/2013.html,,Colorado Avalanche,/teams/COL/2013.html,,,
2013,"Sat, Mar 16, 2013",,Chicago Blackhawks,/teams/CHI/2013.html,,Dallas Stars,/teams/DAL/2013.html,,,
2013,"Sat, Mar 16, 2013",,New York Islanders,/teams/NYI/2013.html,,Florida Panthers,/teams/FLA/2013.html,,,
2013,"Sat, Mar 16, 2013",,San Jose Sharks,/teams/SJS/2013.html,,Los Angeles Kings,/teams/LAK/2013.html,,,
2013,"Sat, Mar 16, 2013",,Montreal Canadiens,/teams/MTL/2013.html,,New Jersey Devils,/teams/NJD/2013.html,,,
2013,"Sat, Mar 16, 2013",,New York Rangers,/teams/NYR/2013.html,,Pittsburgh Penguins,/teams/PIT/2013.html,,,
2013,"Sat, Mar 16, 2013",,Anaheim Ducks,/teams/ANA/2013.html,,St. Louis Blues,/teams/STL/2013.html,,,
2013,"Sat, Mar 16, 2013",,Carolina Hurricanes,/teams/CAR/2013.html,,Tampa Bay Lightning,/teams/TBL/2013.html,,,
2013,"Sat, Mar 16, 2013",,Winnipeg Jets,/teams/WPG/2013.html,,Toronto Maple Leafs,/teams/TOR/2013.html,,,
2013,"Sat, Mar 16, 2013",,Detroit Red Wings,/teams/DET/2013.html,,Vancouver Canucks,/teams/VAN/2013.html,,,
2013,"Sun, Mar 17, 2013",,Nashville Predators,/teams/NSH/2013.html,,Edmonton Oilers,/teams/EDM/2013.html,,,
2013,"Sun, Mar 17, 2013",,Winnipeg Jets,/teams/WPG/2013.html,,Ottawa Senators,/teams/OTT/2013.html,,,
2013,"Sun, Mar 17, 2013",,Boston Bruins,/teams/BOS/2013.html,,Pittsburgh Penguins,/teams/PIT/2013.html,,,
2013,"Sun, Mar 17, 2013",,Buffalo Sabres,/teams/BUF/2013.html,,Washington Capitals,/teams/WSH/2013.html,,,
2013,"Mon, Mar 18, 2013",,San Jose Sharks,/teams/SJS/2013.html,,Anaheim Ducks,/teams/ANA/2013.html,,,
2013,"Mon, Mar 18, 2013",,Chicago Blackhawks,/teams/CHI/2013.html,,Colorado Avalanche,/teams/COL/2013.html,,,
2013,"Mon, Mar 18, 2013",,Calgary Flames,/teams/CGY/2013.html,,Dallas Stars,/teams/DAL/2013.html,,,
2013,"Mon, Mar 18, 2013",,Phoenix Coyotes,/teams/PHX/2013.html,,Los Angeles Kings,/teams/LAK/2013.html,,,
2013,"Mon, Mar 18, 2013",,Carolina Hurricanes,/teams/CAR/2013.html,,New York Rangers,/teams/NYR/2013.html,,,
2013,"Mon, Mar 18, 2013",,Philadelphia Flyers,/teams/PHI/2013.html,,Tampa Bay Lightning,/teams/TBL/2013.html,,,
2013,"Mon, Mar 18, 2013",,Minnesota Wild,/teams/MIN/2013.html,,Vancouver Canucks,/teams/VAN/2013.html,,,
2013,"Tue, Mar 19, 2013",,Florida Panthers,/teams/FLA/2013.html,,Carolina Hurricanes,/teams/CAR/2013.html,,,
2013,"Tue, Mar 19, 2013",,Nashville Predators,/teams/NSH/2013.html,,Columbus Blue Jackets,/teams/CBJ/2013.html,,,
2013,"Tue, Mar 19, 2013",,Phoenix Coyotes,/teams/PHX/2013.html,,Los Angeles Kings,/teams/LAK/2013.html,,,
2013,"Tue, Mar 19, 2013",,Buffalo Sabres,/teams/BUF/2013.html,,Montreal Canadiens,/teams/MTL/2013.html,,,
2013,"Tue, Mar 19, 2013",,New York Rangers,/teams/NYR/2013.html,,New Jersey Devils,/teams/NJD/2013.html,,,
2013,"Tue, Mar 19, 2013",,Ottawa Senators,/teams/OTT/2013.html,,New York Islanders,/teams/NYI/2013.html,,,
2013,"Tue, Mar 19, 2013",,Washington Capitals,/teams/WSH/2013.html,,Pittsburgh Penguins,/teams/PIT/2013.html,,,
2013,"Tue, Mar 19, 2013",,St. Louis Blues,/teams/STL/2013.html,,Vancouver Canucks,/teams/VAN/2013.html,,,
2013,"Tue, Mar 19, 2013",,Boston Bruins,/teams/BOS/2013.html,,Winnipeg Jets,/teams/WPG/2013.html,,,
2013,"Wed, Mar 20, 2013",,Chicago Blackhawks,/teams/CHI/2013.html,,Anaheim Ducks,/teams/ANA/2013.html,,,
2013,"Wed, Mar 20, 2013",,Dallas Stars,/teams/DAL/2013.html,,Colorado Avalanche,/teams/COL/2013.html,,,
2013,"Wed, Mar 20, 2013",,Minnesota Wild,/teams/MIN/2013.html,,Detroit Red Wings,/teams/DET/2013.html,,,
2013,"Wed, Mar 20, 2013",,San Jose Sharks,/teams/SJS/2013.html,,Edmonton Oilers,/teams/EDM/2013.html,,,
2013,"Wed, Mar 20, 2013",,Tampa Bay Lightning,/teams/TBL/2013.html,,Toronto Maple Leafs,/teams/TOR/2013.html,,,
2013,"Thu, Mar 21, 2013",,Toronto Maple Leafs,/teams/TOR/2013.html,,Buffalo Sabres,/teams/BUF/2013.html,,,
2013,"Thu, Mar 21, 2013",,New Jersey Devils,/teams/NJD/2013.html,,Carolina Hurricanes,/teams/CAR/2013.html,,,
2013,"Thu, Mar 21, 2013",,Dallas Stars,/teams/DAL/2013.html,,Los Angeles Kings,/teams/LAK/2013.html,,,
2013,"Thu, Mar 21, 2013",,Calgary Flames,/teams/CGY/2013.html,,Nashville Predators,/teams/NSH/2013.html,,,
2013,"Thu, Mar 21, 2013",,Montreal Canadiens,/teams/MTL/2013.html,,New York Islanders,/teams/NYI/2013.html,,,
2013,"Thu, Mar 21, 2013",,Florida Panthers,/teams/FLA/2013.html,,New York Rangers,/teams/NYR/2013.html,,,
2013,"Thu, Mar 21, 2013",,Boston Bruins,/teams/BOS/2013.html,,Ottawa Senators,/teams/OTT/2013.html,,,
2013,"Thu, Mar 21, 2013",,Vancouver Canucks,/teams/VAN/2013.html,,Phoenix Coyotes,/teams/PHX/2013.html,,,
2013,"Thu, Mar 21, 2013",,Washington Capitals,/teams/WSH/2013.html,,Winnipeg Jets,/teams/WPG/2013.html,,,
2013,"Fri, Mar 22, 2013",,Detroit Red Wings,/teams/DET/2013.html,,Anaheim Ducks,/teams/ANA/2013.html,,,
2013,"Fri, Mar 22, 2013",,Calgary Flames,/teams/CGY/2013.html,,Columbus Blue Jackets,/teams/CBJ/2013.html,,,
2013,"Fri, Mar 22, 2013",,Pittsburgh Penguins,/teams/PIT/2013.html,,New York Islanders,/teams/NYI/2013.html,,,
2013,"Fri, Mar 22, 2013",,Washington Capitals,/teams/WSH/2013.html,,Winnipeg Jets,/teams/WPG/2013.html,,,
2013,"Sat, Mar 23, 2013",,Colorado Avalanche,/teams/COL/2013.html,,Dallas Stars,/teams/DAL/2013.html,,,
2013,"Sat, Mar 23, 2013",,St. Louis Blues,/teams/STL/2013.html,,Edmonton Oilers,/teams/EDM/2013.html,,,
2013,"Sat, Mar 23, 2013",,Vancouver Canucks,/teams/VAN/2013.html,,Los Angeles Kings,/teams/LAK/2013.html,,,
2013,"Sat, Mar 23, 2013",,San Jose Sharks,/teams/SJS/2013.html,,Minnesota Wild,/teams/MIN/2013.html,,,
2013,"Sat, Mar 23, 2013",,Buffalo Sabres,/teams/BUF/2013.html,,Montreal Canadiens,/teams/MTL/2013.html,,,
2013,"Sat, Mar 23, 2013",,Florida Panthers,/teams/FLA/2013.html,,New Jersey Devils,/teams/NJD/2013.html,,,
2013,"Sat, Mar 23, 2013",,Columbus Blue Jackets,/teams/CBJ/2013.html,,Nashville Predators,/teams/NSH/2013.html,,,
2013,"Sat, Mar 23, 2013",,Tampa Bay Lightning,/teams/TBL/2013.html,,Ottawa Senators,/teams/OTT/2013.html,,,
2013,"Sat, Mar 23, 2013",,Boston Bruins,/teams/BOS/2013.html,,Toronto Maple Leafs,/teams/TOR/2013.html,,,
2013,"Sun, Mar 24, 2013",,Detroit Red Wings,/teams/DET/2013.html,,Anaheim Ducks,/teams/ANA/2013.html,,,
2013,"Sun, Mar 24, 2013",,St. Louis Blues,/teams/STL/2013.html,,Calgary Flames,/teams/CGY/2013.html,,,
2013,"Sun, Mar 24, 2013",,Vancouver Canucks,/teams/VAN/2013.html,,Colorado Avalanche,/teams/COL/2013.html,,,
2013,"Sun, Mar 24, 2013",,Florida Panthers,/teams/FLA/2013.html,,New York Islanders,/teams/NYI/2013.html,,,
2013,"Sun, Mar 24, 2013",,Washington Capitals,/teams/WSH/2013.html,,New York Rangers,/teams/NYR/2013.html,,,
2013,"Sun, Mar 24, 2013",,Philadelphia Flyers,/teams/PHI/2013.html,,Pittsburgh Penguins,/teams/PIT/2013.html,,,
2013,"Sun, Mar 24, 2013",,Tampa Bay Lightning,/teams/TBL/2013.html,,Winnipeg Jets,/teams/WPG/2013.html,,,
2013,"Mon, Mar 25, 2013",,San Jose Sharks,/teams/SJS/2013.html,,Anaheim Ducks,/teams/ANA/2013.html,,,
2013,"Mon, Mar 25, 2013",,Toronto Maple Leafs,/teams/TOR/2013.html,,Boston Bruins,/teams/BOS/2013.html,,,
2013,"Mon, Mar 25, 2013",,Los Angeles Kings,/teams/LAK/2013.html,,Chicago Blackhawks,/teams/CHI/2013.html,,,
2013,"Mon, Mar 25, 2013",,Minnesota Wild,/teams/MIN/2013.html,,Dallas Stars,/teams/DAL/2013.html,,,
2013,"Mon, Mar 25, 2013",,Edmonton Oilers,/teams/EDM/2013.html,,Nashville Predators,/teams/NSH/2013.html,,,
2013,"Mon, Mar 25, 2013",,New Jersey Devils,/teams/NJD/2013.html,,Ottawa Senators,/teams/OTT/2013.html,,,
2013,"Mon, Mar 25, 2013",,Detroit Red Wings,/teams/DET/2013.html,,Phoenix Coyotes,/teams/PHX/2013.html,,,
2013,"Tue, Mar 26, 2013",,Winnipeg Jets,/teams/WPG/2013.html,,Carolina Hurricanes,/teams/CAR/2013.html,,,
2013,"Tue, Mar 26, 2013",,Calgary Flames,/teams/CGY/2013.html,,Chicago Blackhawks,/teams/CHI/2013.html,,,
2013,"Tue, Mar 26, 2013",,New York Rangers,/teams/NYR/2013.html,,Philadelphia Flyers,/teams/PHI/2013.html,,,
2013,"Tue, Mar 26, 2013",,Montreal Canadiens,/teams/MTL/2013.html,,Pittsburgh Penguins,/teams/PIT/2013.html,,,
2013,"Tue, Mar 26, 2013",,Edmonton Oilers,/teams/EDM/2013.html,,St. Louis Blues,/teams/STL/2013.html,,,
2013,"Tue, Mar 26, 2013",,Buffalo Sabres,/teams/BUF/2013.html,,Tampa Bay Lightning,/teams/TBL/2013.html,,,
2013,"Tue, Mar 26, 2013",,Florida Panthers,/teams/FLA/2013.html,,Toronto Maple Leafs,/teams/TOR/2013.html,,,
2013,"Tue, Mar 26, 2013",,Columbus Blue Jackets,/teams/CBJ/2013.html,,Vancouver Canucks,/teams/VAN/2013.html,,,
2013,"Tue, Mar 26, 2013",,New York Islanders,/teams/NYI/2013.html,,Washington Capitals,/teams/WSH/2013.html,,,
2013,"Wed, Mar 27, 2013",,Montreal Canadiens,/teams/MTL/2013.html,,Boston Bruins,/teams/BOS/2013.html,,,
2013,"Wed, Mar 27, 2013",,Colorado Avalanche,/teams/COL/2013.html,,Calgary Flames,/teams/CGY/2013.html,,,
2013,"Wed, Mar 27, 2013",,Phoenix Coyotes,/teams/PHX/2013.html,,Minnesota Wild,/teams/MIN/2013.html,,,
2013,"Wed, Mar 27, 2013",,Anaheim Ducks,/teams/ANA/2013.html,,San Jose Sharks,/teams/SJS/2013.html,,,
2013,"Thu, Mar 28, 2013",,Columbus Blue Jackets,/teams/CBJ/2013.html,,Edmonton Oilers,/teams/EDM/2013.html,,,
2013,"Thu, Mar 28, 2013",,Buffalo Sabres,/teams/BUF/2013.html,,Florida Panthers,/teams/FLA/2013.html,,,
2013,"Thu, Mar 28, 2013",,Phoenix Coyotes,/teams/PHX/2013.html,,Nashville Predators,/teams/NSH/2013.html,,,
2013,"Thu, Mar 28, 2013",,New York Rangers,/teams/NYR/2013.html,,Ottawa Senators,/teams/OTT/2013.html,,,
2013,"Thu, Mar 28, 2013",,New York Islanders,/teams/NYI/2013.html,,Philadelphia Flyers,/teams/PHI/2013.html,,,
2013,"Thu, Mar 28, 2013",,Winnipeg Jets,/teams/WPG/2013.html,,Pittsburgh Penguins,/teams/PIT/2013.html,,,
2013,"Thu, Mar 28, 2013",,Detroit Red Wings,/teams/DET/2013.html,,San Jose Sharks,/teams/SJS/2013.html,,,
2013,"Thu, Mar 28, 2013",,Los Angeles Kings,/teams/LAK/2013.html,,St. Louis Blues,/teams/STL/2013.html,,,
2013,"Thu, Mar 28, 2013",,Carolina Hurricanes,/teams/CAR/2013.html,,Toronto Maple Leafs,/teams/TOR/2013.html,,,
2013,"Thu, Mar 28, 2013",,Colorado Avalanche,/teams/COL/2013.html,,Vancouver Canucks,/teams/VAN/2013.html,,,
2013,"Fri, Mar 29, 2013",,Columbus Blue Jackets,/teams/CBJ/2013.html,,Calgary Flames,/teams/CGY/2013.html,,,
2013,"Fri, Mar 29, 2013",,Anaheim Ducks,/teams/ANA/2013.html,,Chicago Blackhawks,/teams/CHI/2013.html,,,
2013,"Fri, Mar 29, 2013",,Minnesota Wild,/teams/MIN/2013.html,,Dallas Stars,/teams/DAL/2013.html,,,
2013,"Fri, Mar 29, 2013",,New Jersey Devils,/teams/NJD/2013.html,,Tampa Bay Lightning,/teams/TBL/2013.html,,,
2013,"Sat, Mar 30, 2013",,Washington Capitals,/teams/WSH/2013.html,,Buffalo Sabres,/teams/BUF/2013.html,,,
2013,"Sat, Mar 30, 2013",,Nashville Predators,/teams/NSH/2013.html,,Colorado Avalanche,/teams/COL/2013.html,,,
2013,"Sat, Mar 30, 2013",,Vancouver Canucks,/teams/VAN/2013.html,,Edmonton Oilers,/teams/EDM/2013.html,,,
2013,"Sat, Mar 30, 2013",,New Jersey Devils,/teams/NJD/2013.html,,Florida Panthers,/teams/FLA/2013.html,,,
2013,"Sat, Mar 30, 2013",,Los Angeles Kings,/teams/LAK/2013.html,,Minnesota Wild,/teams/MIN/2013.html,,,
2013,"Sat, Mar 30, 2013",,New York Rangers,/teams/NYR/2013.html,,Montreal Canadiens,/teams/MTL/2013.html,,,
2013,"Sat, Mar 30, 2013",,Toronto Maple Leafs,/teams/TOR/2013.html,,Ottawa Senators,/teams/OTT/2013.html,,,
2013,"Sat, Mar 30, 2013",,Boston Bruins,/teams/BOS/2013.html,,Philadelphia Flyers,/teams/PHI/2013.html,,,
2013,"Sat, Mar 30, 2013",,New York Islanders,/teams/NYI/2013.html,,Pittsburgh Penguins,/teams/PIT/2013.html,,,
2013,"Sat, Mar 30, 2013",,Phoenix Coyotes,/teams/PHX/2013.html,,San Jose Sharks,/teams/SJS/2013.html,,,
2013,"Sat, Mar 30, 2013",,Carolina Hurricanes,/teams/CAR/2013.html,,Winnipeg Jets,/teams/WPG/2013.html,,,
2013,"Sun, Mar 31, 2013",,Boston Bruins,/teams/BOS/2013.html,,Buffalo Sabres,/teams/BUF/2013.html,,,
2013,"Sun, Mar 31, 2013",,Anaheim Ducks,/teams/ANA/2013.html,,Columbus Blue Jackets,/teams/CBJ/2013.html,,,
2013,"Sun, Mar 31, 2013",,Los Angeles Kings,/teams/LAK/2013.html,,Dallas Stars,/teams/DAL/2013.html,,,
2013,"Sun, Mar 31, 2013",,Chicago Blackhawks,/teams/CHI/2013.html,,Detroit Red Wings,/teams/DET/2013.html,,,
2013,"Sun, Mar 31, 2013",,Washington Capitals,/teams/WSH/2013.html,,Philadelphia Flyers,/teams/PHI/2013.html,,,
2013,"Mon, Apr 1, 2013",,Nashville Predators,/teams/NSH/2013.html,,Chicago Blackhawks,/teams/CHI/2013.html,,,
2013,"Mon, Apr 1, 2013",,Anaheim Ducks,/teams/ANA/2013.html,,Dallas Stars,/teams/DAL/2013.html,,,
2013,"Mon, Apr 1, 2013",,Colorado Avalanche,/teams/COL/2013.html,,Detroit Red Wings,/teams/DET/2013.html,,,
2013,"Mon, Apr 1, 2013",,Calgary Flames,/teams/CGY/2013.html,,Edmonton Oilers,/teams/EDM/2013.html,,,
2013,"Mon, Apr 1, 2013",,St. Louis Blues,/teams/STL/2013.html,,Minnesota Wild,/teams/MIN/2013.html,,,
2013,"Mon, Apr 1, 2013",,Carolina Hurricanes,/teams/CAR/2013.html,,Montreal Canadiens,/teams/MTL/2013.html,,,
2013,"Mon, Apr 1, 2013",,New York Islanders,/teams/NYI/2013.html,,New Jersey Devils,/teams/NJD/2013.html,,,
2013,"Mon, Apr 1, 2013",,Winnipeg Jets,/teams/WPG/2013.html,,New York Rangers,/teams/NYR/2013.html,,,
2013,"Mon, Apr 1, 2013",,Vancouver Canucks,/teams/VAN/2013.html,,San Jose Sharks,/teams/SJS/2013.html,,,
2013,"Tue, Apr 2, 2013",,Ottawa Senators,/teams/OTT/2013.html,,Boston Bruins,/teams/BOS/2013.html,,,
2013,"Tue, Apr 2, 2013",,Washington Capitals,/teams/WSH/2013.html,,Carolina Hurricanes,/teams/CAR/2013.html,,,
2013,"Tue, Apr 2, 2013",,Colorado Avalanche,/teams/COL/2013.html,,Nashville Predators,/teams/NSH/2013.html,,,
2013,"Tue, Apr 2, 2013",,Winnipeg Jets,/teams/WPG/2013.html,,New York Islanders,/teams/NYI/2013.html,,,
2013,"Tue, Apr 2, 2013",,Los Angeles Kings,/teams/LAK/2013.html,,Phoenix Coyotes,/teams/PHX/2013.html,,,
2013,"Tue, Apr 2, 2013",,Buffalo Sabres,/teams/BUF/2013.html,,Pittsburgh Penguins,/teams/PIT/2013.html,,,
2013,"Tue, Apr 2, 2013",,Florida Panthers,/teams/FLA/2013.html,,Tampa Bay Lightning,/teams/TBL/2013.html,,,
2013,"Wed, Apr 3, 2013",,Dallas Stars,/teams/DAL/2013.html,,Anaheim Ducks,/teams/ANA/2013.html,,,
2013,"Wed, Apr 3, 2013",,Edmonton Oilers,/teams/EDM/2013.html,,Calgary Flames,/teams/CGY/2013.html,,,
2013,"Wed, Apr 3, 2013",,Pittsburgh Penguins,/teams/PIT/2013.html,,New York Rangers,/teams/NYR/2013.html,,,
2013,"Wed, Apr 3, 2013",,Montreal Canadiens,/teams/MTL/2013.html,,Philadelphia Flyers,/teams/PHI/2013.html,,,
2013,"Wed, Apr 3, 2013",,Minnesota Wild,/teams/MIN/2013.html,,San Jose Sharks,/teams/SJS/2013.html,,,
2013,"Thu, Apr 4, 2013",,New Jersey Devils,/teams/NJD/2013.html,,Boston Bruins,/teams/BOS/2013.html,,,
2013,"Thu, Apr 4, 2013",,Tampa Bay Lightning,/teams/TBL/2013.html,,Carolina Hurricanes,/teams/CAR/2013.html,,,
2013,"Thu, Apr 4, 2013",,St. Louis Blues,/teams/STL/2013.html,,Chicago Blackhawks,/teams/CHI/2013.html,,,
2013,"Thu, Apr 4, 2013",,Minnesota Wild,/teams/MIN/2013.html,,Los Angeles Kings,/teams/LAK/2013.html,,,
2013,"Thu, Apr 4, 2013",,Winnipeg Jets,/teams/WPG/2013.html,,Montreal Canadiens,/teams/MTL/2013.html,,,
2013,"Thu, Apr 4, 2013",,Columbus Blue Jackets,/teams/CBJ/2013.html,,Nashville Predators,/teams/NSH/2013.html,,,
2013,"Thu, Apr 4, 2013",,Detroit Red Wings,/teams/DET/2013.html,,Phoenix Coyotes,/teams/PHX/2013.html,,,
2013,"Thu, Apr 4, 2013",,Philadelphia Flyers,/teams/PHI/2013.html,,Toronto Maple Leafs,/teams/TOR/2013.html,,,
2013,"Thu, Apr 4, 2013",,Edmonton Oilers,/teams/EDM/2013.html,,Vancouver Canucks,/teams/VAN/2013.html,,,
2013,"Thu, Apr 4, 2013",,New York Islanders,/teams/NYI/2013.html,,Washington Capitals,/teams/WSH/2013.html,,,
2013,"Fri, Apr 5, 2013",,Dallas Stars,/teams/DAL/2013.html,,Anaheim Ducks,/teams/ANA/2013.html,,,
2013,"Fri, Apr 5, 2013",,Ottawa Senators,/teams/OTT/2013.html,,Buffalo Sabres,/teams/BUF/2013.html,,,
2013,"Fri, Apr 5, 2013",,Detroit Red Wings,/teams/DET/2013.html,,Colorado Avalanche,/teams/COL/2013.html,,,
2013,"Fri, Apr 5, 2013",,New York Rangers,/teams/NYR/2013.html,,Pittsburgh Penguins,/teams/PIT/2013.html,,,
2013,"Fri, Apr 5, 2013",,Calgary Flames,/teams/CGY/2013.html,,San Jose Sharks,/teams/SJS/2013.html,,,
2013,"Fri, Apr 5, 2013",,Columbus Blue Jackets,/teams/CBJ/2013.html,,St. Louis Blues,/teams/STL/2013.html,,,
2013,"Sat, Apr 6, 2013",,New York Rangers,/teams/NYR/2013.html,,Carolina Hurricanes,/teams/CAR/2013.html,,,
2013,"Sat, Apr 6, 2013",,Washington Capitals,/teams/WSH/2013.html,,Florida Panthers,/teams/FLA/2013.html,,,
2013,"Sat, Apr 6, 2013",,Edmonton Oilers,/teams/EDM/2013.html,,Los Angeles Kings,/teams/LAK/2013.html,,,
2013,"Sat, Apr 6, 2013",,Boston Bruins,/teams/BOS/2013.html,,Montreal Canadiens,/teams/MTL/2013.html,,,
2013,"Sat, Apr 6, 2013",,Toronto Maple Leafs,/teams/TOR/2013.html,,New Jersey Devils,/teams/NJD/2013.html,,,
2013,"Sat, Apr 6, 2013",,Chicago Blackhawks,/teams/CHI/2013.html,,Nashville Predators,/teams/NSH/2013.html,,,
2013,"Sat, Apr 6, 2013",,Tampa Bay Lightning,/teams/TBL/2013.html,,New York Islanders,/teams/NYI/2013.html,,,
2013,"Sat, Apr 6, 2013",,Colorado Avalanche,/teams/COL/2013.html,,Phoenix Coyotes,/teams/PHX/2013.html,,,
2013,"Sat, Apr 6, 2013",,Calgary Flames,/teams/CGY/2013.html,,Vancouver Canucks,/teams/VAN/2013.html,,,
2013,"Sat, Apr 6, 2013",,Philadelphia Flyers,/teams/PHI/2013.html,,Winnipeg Jets,/teams/WPG/2013.html,,,
2013,"Sun, Apr 7, 2013",,Los Angeles Kings,/teams/LAK/2013.html,,Anaheim Ducks,/teams/ANA/2013.html,,,
2013,"Sun, Apr 7, 2013",,New Jersey Devils,/teams/NJD/2013.html,,Buffalo Sabres,/teams/BUF/2013.html,,,
2013,"Sun, Apr 7, 2013",,Minnesota Wild,/teams/MIN/2013.html,,Columbus Blue Jackets,/teams/CBJ/2013.html,,,
2013,"Sun, Apr 7, 2013",,Nashville Predators,/teams/NSH/2013.html,,Chicago Blackhawks,/teams/CHI/2013.html,,,
2013,"Sun, Apr 7, 2013",,St. Louis Blues,/teams/STL/2013.html,,Detroit Red Wings,/teams/DET/2013.html,,,
2013,"Sun, Apr 7, 2013",,Ottawa Senators,/teams/OTT/2013.html,,Florida Panthers,/teams/FLA/2013.html,,,
2013,"Sun, Apr 7, 2013",,Dallas Stars,/teams/DAL/2013.html,,San Jose Sharks,/teams/SJS/2013.html,,,
2013,"Sun, Apr 7, 2013",,Tampa Bay Lightning,/teams/TBL/2013.html,,Washington Capitals,/teams/WSH/2013.html,,,
2013,"Mon, Apr 8, 2013",,Edmonton Oilers,/teams/EDM/2013.html,,Anaheim Ducks,/teams/ANA/2013.html,,,
2013,"Mon, Apr 8, 2013",,Carolina Hurricanes,/teams/CAR/2013.html,,Boston Bruins,/teams/BOS/2013.html,,,
2013,"Mon, Apr 8, 2013",,Calgary Flames,/teams/CGY/2013.html,,Colorado Avalanche,/teams/COL/2013.html,,,
2013,"Mon, Apr 8, 2013",,New York Rangers,/teams/NYR/2013.html,,Toronto Maple Leafs,/teams/TOR/2013.html,,,
2013,"Mon, Apr 8, 2013",,Phoenix Coyotes,/teams/PHX/2013.html,,Vancouver Canucks,/teams/VAN/2013.html,,,
2013,"Tue, Apr 9, 2013",,Pittsburgh Penguins,/teams/PIT/2013.html,,Carolina Hurricanes,/teams/CAR/2013.html,,,
2013,"Tue, Apr 9, 2013",,San Jose Sharks,/teams/SJS/2013.html,,Columbus Blue Jackets,/teams/CBJ/2013.html,,,
2013,"Tue, Apr 9, 2013",,Los Angeles Kings,/teams/LAK/2013.html,,Dallas Stars,/teams/DAL/2013.html,,,
2013,"Tue, Apr 9, 2013",,Chicago Blackhawks,/teams/CHI/2013.html,,Minnesota Wild,/teams/MIN/2013.html,,,
2013,"Tue, Apr 9, 2013",,Washington Capitals,/teams/WSH/2013.html,,Montreal Canadiens,/teams/MTL/2013.html,,,
2013,"Tue, Apr 9, 2013",,St. Louis Blues,/teams/STL/2013.html,,Nashville Predators,/teams/NSH/2013.html,,,
2013,"Tue, Apr 9, 2013",,Philadelphia Flyers,/teams/PHI/2013.html,,New York Islanders,/teams/NYI/2013.html,,,
2013,"Tue, Apr 9, 2013",,Ottawa Senators,/teams/OTT/2013.html,,Tampa Bay Lightning,/teams/TBL/2013.html,,,
2013,"Tue, Apr 9, 2013",,Buffalo Sabres,/teams/BUF/2013.html,,Winnipeg Jets,/teams/WPG/2013.html,,,
2013,"Wed, Apr 10, 2013",,Colorado Avalanche,/teams/COL/2013.html,,Anaheim Ducks,/teams/ANA/2013.html,,,
2013,"Wed, Apr 10, 2013",,Vancouver Canucks,/teams/VAN/2013.html,,Calgary Flames,/teams/CGY/2013.html,,,
2013,"Wed, Apr 10, 2013",,Phoenix Coyotes,/teams/PHX/2013.html,,Edmonton Oilers,/teams/EDM/2013.html,,,
2013,"Wed, Apr 10, 2013",,Boston Bruins,/teams/BOS/2013.html,,New Jersey Devils,/teams/NJD/2013.html,,,
2013,"Wed, Apr 10, 2013",,Toronto Maple Leafs,/teams/TOR/2013.html,,New York Rangers,/teams/NYR/2013.html,,,
2013,"Thu, Apr 11, 2013",,New York Islanders,/teams/NYI/2013.html,,Boston Bruins,/teams/BOS/2013.html,,,
2013,"Thu, Apr 11, 2013",,Montreal Canadiens,/teams/MTL/2013.html,,Buffalo Sabres,/teams/BUF/2013.html,,,
2013,"Thu, Apr 11, 2013",,San Jose Sharks,/teams/SJS/2013.html,,Detroit Red Wings,/teams/DET/2013.html,,,
2013,"Thu, Apr 11, 2013",,Colorado Avalanche,/teams/COL/2013.html,,Los Angeles Kings,/teams/LAK/2013.html,,,
2013,"Thu, Apr 11, 2013",,St. Louis Blues,/teams/STL/2013.html,,Minnesota Wild,/teams/MIN/2013.html,,,
2013,"Thu, Apr 11, 2013",,Ottawa Senators,/teams/OTT/2013.html,,Philadelphia Flyers,/teams/PHI/2013.html,,,
2013,"Thu, Apr 11, 2013",,Pittsburgh Penguins,/teams/PIT/2013.html,,Tampa Bay Lightning,/teams/TBL/2013.html,,,
2013,"Thu, Apr 11, 2013",,Florida Panthers,/teams/FLA/2013.html,,Winnipeg Jets,/teams/WPG/2013.html,,,
2013,"Thu, Apr 11, 2013",,Carolina Hurricanes,/teams/CAR/2013.html,,Washington Capitals,/teams/WSH/2013.html,,,
2013,"Fri, Apr 12, 2013",,St. Louis Blues,/teams/STL/2013.html,,Columbus Blue Jackets,/teams/CBJ/2013.html,,,
2013,"Fri, Apr 12, 2013",,Phoenix Coyotes,/teams/PHX/2013.html,,Calgary Flames,/teams/CGY/2013.html,,,
2013,"Fri, Apr 12, 2013",,Detroit Red Wings,/teams/DET/2013.html,,Chicago Blackhawks,/teams/CHI/2013.html,,,
2013,"Fri, Apr 12, 2013",,Ottawa Senators,/teams/OTT/2013.html,,New Jersey Devils,/teams/NJD/2013.html,,,
2013,"Fri, Apr 12, 2013",,Dallas Stars,/teams/DAL/2013.html,,Nashville Predators,/teams/NSH/2013.html,,,
2013,"Sat, Apr 13, 2013",,Philadelphia Flyers,/teams/PHI/2013.html,,Buffalo Sabres,/teams/BUF/2013.html,,,
2013,"Sat, Apr 13, 2013",,Boston Bruins,/teams/BOS/2013.html,,Carolina Hurricanes,/teams/CAR/2013.html,,,
2013,"Sat, Apr 13, 2013",,Vancouver Canucks,/teams/VAN/2013.html,,Colorado Avalanche,/teams/COL/2013.html,,,
2013,"Sat, Apr 13, 2013",,San Jose Sharks,/teams/SJS/2013.html,,Dallas Stars,/teams/DAL/2013.html,,,
2013,"Sat, Apr 13, 2013",,Calgary Flames,/teams/CGY/2013.html,,Edmonton Oilers,/teams/EDM/2013.html,,,
2013,"Sat, Apr 13, 2013",,Pittsburgh Penguins,/teams/PIT/2013.html,,Florida Panthers,/teams/FLA/2013.html,,,
2013,"Sat, Apr 13, 2013",,Anaheim Ducks,/teams/ANA/2013.html,,Los Angeles Kings,/teams/LAK/2013.html,,,
2013,"Sat, Apr 13, 2013",,Columbus Blue Jackets,/teams/CBJ/2013.html,,Minnesota Wild,/teams/MIN/2013.html,,,
2013,"Sat, Apr 13, 2013",,New York Rangers,/teams/NYR/2013.html,,New York Islanders,/teams/NYI/2013.html,,,
2013,"Sat, Apr 13, 2013",,Montreal Canadiens,/teams/MTL/2013.html,,Toronto Maple Leafs,/teams/TOR/2013.html,,,
2013,"Sat, Apr 13, 2013",,Tampa Bay Lightning,/teams/TBL/2013.html,,Washington Capitals,/teams/WSH/2013.html,,,
2013,"Sun, Apr 14, 2013",,Tampa Bay Lightning,/teams/TBL/2013.html,,Buffalo Sabres,/teams/BUF/2013.html,,,
2013,"Sun, Apr 14, 2013",,Detroit Red Wings,/teams/DET/2013.html,,Nashville Predators,/teams/NSH/2013.html,,,
2013,"Sun, Apr 14, 2013",,Chicago Blackhawks,/teams/CHI/2013.html,,St. Louis Blues,/teams/STL/2013.html,,,
2013,"Mon, Apr 15, 2013",,Ottawa Senators,/teams/OTT/2013.html,,Boston Bruins,/teams/BOS/2013.html,,,
2013,"Mon, Apr 15, 2013",,Minnesota Wild,/teams/MIN/2013.html,,Calgary Flames,/teams/CGY/2013.html,,,
2013,"Mon, Apr 15, 2013",,Dallas Stars,/teams/DAL/2013.html,,Chicago Blackhawks,/teams/CHI/2013.html,,,
2013,"Mon, Apr 15, 2013",,Columbus Blue Jackets,/teams/CBJ/2013.html,,Colorado Avalanche,/teams/COL/2013.html,,,
2013,"Mon, Apr 15, 2013",,Philadelphia Flyers,/teams/PHI/2013.html,,Montreal Canadiens,/teams/MTL/2013.html,,,
2013,"Mon, Apr 15, 2013",,Vancouver Canucks,/teams/VAN/2013.html,,Nashville Predators,/teams/NSH/2013.html,,,
2013,"Mon, Apr 15, 2013",,San Jose Sharks,/teams/SJS/2013.html,,Phoenix Coyotes,/teams/PHX/2013.html,,,
2013,"Mon, Apr 15, 2013",,New Jersey Devils,/teams/NJD/2013.html,,Toronto Maple Leafs,/teams/TOR/2013.html,,,
2013,"Tue, Apr 16, 2013",,Minnesota Wild,/teams/MIN/2013.html,,Edmonton Oilers,/teams/EDM/2013.html,,,
2013,"Tue, Apr 16, 2013",,Florida Panthers,/teams/FLA/2013.html,,New York Islanders,/teams/NYI/2013.html,,,
2013,"Tue, Apr 16, 2013",,Carolina Hurricanes,/teams/CAR/2013.html,,Ottawa Senators,/teams/OTT/2013.html,,,
2013,"Tue, Apr 16, 2013",,New York Rangers,/teams/NYR/2013.html,,Philadelphia Flyers,/teams/PHI/2013.html,,,
2013,"Tue, Apr 16, 2013",,Los Angeles Kings,/teams/LAK/2013.html,,San Jose Sharks,/teams/SJS/2013.html,,,
2013,"Tue, Apr 16, 2013",,Vancouver Canucks,/teams/VAN/2013.html,,St. Louis Blues,/teams/STL/2013.html,,,
2013,"Tue, Apr 16, 2013",,Tampa Bay Lightning,/teams/TBL/2013.html,,Winnipeg Jets,/teams/WPG/2013.html,,,
2013,"Tue, Apr 16, 2013",,Toronto Maple Leafs,/teams/TOR/2013.html,,Washington Capitals,/teams/WSH/2013.html,,,
2013,"Wed, Apr 17, 2013",,Columbus Blue Jackets,/teams/CBJ/2013.html,,Anaheim Ducks,/teams/ANA/2013.html,,,
2013,"Wed, Apr 17, 2013",,Buffalo Sabres,/teams/BUF/2013.html,,Boston Bruins,/teams/BOS/2013.html,,,
2013,"Wed, Apr 17, 2013",,Detroit Red Wings,/teams/DET/2013.html,,Calgary Flames,/teams/CGY/2013.html,,,
2013,"Wed, Apr 17, 2013",,Montreal Canadiens,/teams/MTL/2013.html,,Pittsburgh Penguins,/teams/PIT/2013.html,,,
2013,"Thu, Apr 18, 2013",,Vancouver Canucks,/teams/VAN/2013.html,,Dallas Stars,/teams/DAL/2013.html,,,
2013,"Thu, Apr 18, 2013",,Columbus Blue Jackets,/teams/CBJ/2013.html,,Los Angeles Kings,/teams/LAK/2013.html,,,
2013,"Thu, Apr 18, 2013",,Tampa Bay Lightning,/teams/TBL/2013.html,,Montreal Canadiens,/teams/MTL/2013.html,,,
2013,"Thu, Apr 18, 2013",,Florida Panthers,/teams/FLA/2013.html,,New York Rangers,/teams/NYR/2013.html,,,
2013,"Thu, Apr 18, 2013",,Washington Capitals,/teams/WSH/2013.html,,Ottawa Senators,/teams/OTT/2013.html,,,
2013,"Thu, Apr 18, 2013",,New Jersey Devils,/teams/NJD/2013.html,,Philadelphia Flyers,/teams/PHI/2013.html,,,
2013,"Thu, Apr 18, 2013",,Minnesota Wild,/teams/MIN/2013.html,,San Jose Sharks,/teams/SJS/2013.html,,,
2013,"Thu, Apr 18, 2013",,Phoenix Coyotes,/teams/PHX/2013.html,,St. Louis Blues,/teams/STL/2013.html,,,
2013,"Thu, Apr 18, 2013",,New York Islanders,/teams/NYI/2013.html,,Toronto Maple Leafs,/teams/TOR/2013.html,,,
2013,"Thu, Apr 18, 2013",,Carolina Hurricanes,/teams/CAR/2013.html,,Winnipeg Jets,/teams/WPG/2013.html,,,
2013,"Fri, Apr 19, 2013",,Pittsburgh Penguins,/teams/PIT/2013.html,,Boston Bruins,/teams/BOS/2013.html,,,
2013,"Fri, Apr 19, 2013",,New York Rangers,/teams/NYR/2013.html,,Buffalo Sabres,/teams/BUF/2013.html,,,
2013,"Fri, Apr 19, 2013",,Anaheim Ducks,/teams/ANA/2013.html,,Calgary Flames,/teams/CGY/2013.html,,,
2013,"Fri, Apr 19, 2013",,Nashville Predators,/teams/NSH/2013.html,,Chicago Blackhawks,/teams/CHI/2013.html,,,
2013,"Fri, Apr 19, 2013",,Edmonton Oilers,/teams/EDM/2013.html,,Colorado Avalanche,/teams/COL/2013.html,,,
2013,"Fri, Apr 19, 2013",,Dallas Stars,/teams/DAL/2013.html,,St. Louis Blues,/teams/STL/2013.html,,,
2013,"Sat, Apr 20, 2013",,Philadelphia Flyers,/teams/PHI/2013.html,,Carolina Hurricanes,/teams/CAR/2013.html,,,
2013,"Sat, Apr 20, 2013",,Phoenix Coyotes,/teams/PHX/2013.html,,Chicago Blackhawks,/teams/CHI/2013.html,,,
2013,"Sat, Apr 20, 2013",,Washington Capitals,/teams/WSH/2013.html,,Montreal Canadiens,/teams/MTL/2013.html,,,
2013,"Sat, Apr 20, 2013",,Florida Panthers,/teams/FLA/2013.html,,New Jersey Devils,/teams/NJD/2013.html,,,
2013,"Sat, Apr 20, 2013",,Toronto Maple Leafs,/teams/TOR/2013.html,,Ottawa Senators,/teams/OTT/2013.html,,,
2013,"Sat, Apr 20, 2013",,Buffalo Sabres,/teams/BUF/2013.html,,Pittsburgh Penguins,/teams/PIT/2013.html,,,
2013,"Sat, Apr 20, 2013",,Detroit Red Wings,/teams/DET/2013.html,,Vancouver Canucks,/teams/VAN/2013.html,,,
2013,"Sat, Apr 20, 2013",,New York Islanders,/teams/NYI/2013.html,,Winnipeg Jets,/teams/WPG/2013.html,,,
2013,"Sun, Apr 21, 2013",,Florida Panthers,/teams/FLA/2013.html,,Boston Bruins,/teams/BOS/2013.html,,,
2013,"Sun, Apr 21, 2013",,St. Louis Blues,/teams/STL/2013.html,,Colorado Avalanche,/teams/COL/2013.html,,,
2013,"Sun, Apr 21, 2013",,Anaheim Ducks,/teams/ANA/2013.html,,Edmonton Oilers,/teams/EDM/2013.html,,,
2013,"Sun, Apr 21, 2013",,Dallas Stars,/teams/DAL/2013.html,,Los Angeles Kings,/teams/LAK/2013.html,,,
2013,"Sun, Apr 21, 2013",,Calgary Flames,/teams/CGY/2013.html,,Minnesota Wild,/teams/MIN/2013.html,,,
2013,"Sun, Apr 21, 2013",,New Jersey Devils,/teams/NJD/2013.html,,New York Rangers,/teams/NYR/2013.html,,,
2013,"Sun, Apr 21, 2013",,Columbus Blue Jackets,/teams/CBJ/2013.html,,San Jose Sharks,/teams/SJS/2013.html,,,
2013,"Sun, Apr 21, 2013",,Carolina Hurricanes,/teams/CAR/2013.html,,Tampa Bay Lightning,/teams/TBL/2013.html,,,
2013,"Mon, Apr 22, 2013",,Winnipeg Jets,/teams/WPG/2013.html,,Buffalo Sabres,/teams/BUF/2013.html,,,
2013,"Mon, Apr 22, 2013",,Phoenix Coyotes,/teams/PHX/2013.html,,Detroit Red Wings,/teams/DET/2013.html,,,
2013,"Mon, Apr 22, 2013",,Anaheim Ducks,/teams/ANA/2013.html,,Edmonton Oilers,/teams/EDM/2013.html,,,
2013,"Mon, Apr 22, 2013",,Pittsburgh Penguins,/teams/PIT/2013.html,,Ottawa Senators,/teams/OTT/2013.html,,,
2013,"Mon, Apr 22, 2013",,Chicago Blackhawks,/teams/CHI/2013.html,,Vancouver Canucks,/teams/VAN/2013.html,,,
2013,"Tue, Apr 23, 2013",,New York Islanders,/teams/NYI/2013.html,,Carolina Hurricanes,/teams/CAR/2013.html,,,
2013,"Tue, Apr 23, 2013",,New York Rangers,/teams/NYR/2013.html,,Florida Panthers,/teams/FLA/2013.html,,,
2013,"Tue, Apr 23, 2013",,Los Angeles Kings,/teams/LAK/2013.html,,Minnesota Wild,/teams/MIN/2013.html,,,
2013,"Tue, Apr 23, 2013",,Montreal Canadiens,/teams/MTL/2013.html,,New Jersey Devils,/teams/NJD/2013.html,,,
2013,"Tue, Apr 23, 2013",,Calgary Flames,/teams/CGY/2013.html,,Nashville Predators,/teams/NSH/2013.html,,,
2013,"Tue, Apr 23, 2013",,Boston Bruins,/teams/BOS/2013.html,,Philadelphia Flyers,/teams/PHI/2013.html,,,
2013,"Tue, Apr 23, 2013",,Dallas Stars,/teams/DAL/2013.html,,San Jose Sharks,/teams/SJS/2013.html,,,
2013,"Tue, Apr 23, 2013",,Colorado Avalanche,/teams/COL/2013.html,,St. Louis Blues,/teams/STL/2013.html,,,
2013,"Tue, Apr 23, 2013",,Winnipeg Jets,/teams/WPG/2013.html,,Washington Capitals,/teams/WSH/2013.html,,,
2013,"Wed, Apr 24, 2013",,Los Angeles Kings,/teams/LAK/2013.html,,Detroit Red Wings,/teams/DET/2013.html,,,
2013,"Wed, Apr 24, 2013",,Chicago Blackhawks,/teams/CHI/2013.html,,Edmonton Oilers,/teams/EDM/2013.html,,,
2013,"Wed, Apr 24, 2013",,San Jose Sharks,/teams/SJS/2013.html,,Phoenix Coyotes,/teams/PHX/2013.html,,,
2013,"Wed, Apr 24, 2013",,Toronto Maple Leafs,/teams/TOR/2013.html,,Tampa Bay Lightning,/teams/TBL/2013.html,,,
2013,"Thu, Apr 25, 2013",,Tampa Bay Lightning,/teams/TBL/2013.html,,Boston Bruins,/teams/BOS/2013.html,,,
2013,"Thu, Apr 25, 2013",,New York Rangers,/teams/NYR/2013.html,,Carolina Hurricanes,/teams/CAR/2013.html,,,
2013,"Thu, Apr 25, 2013",,Columbus Blue Jackets,/teams/CBJ/2013.html,,Dallas Stars,/teams/DAL/2013.html,,,
2013,"Thu, Apr 25, 2013",,Nashville Predators,/teams/NSH/2013.html,,Detroit Red Wings,/teams/DET/2013.html,,,
2013,"Thu, Apr 25, 2013",,Toronto Maple Leafs,/teams/TOR/2013.html,,Florida Panthers,/teams/FLA/2013.html,,,
2013,"Thu, Apr 25, 2013",,Pittsburgh Penguins,/teams/PIT/2013.html,,New Jersey Devils,/teams/NJD/2013.html,,,
2013,"Thu, Apr 25, 2013",,New York Islanders,/teams/NYI/2013.html,,Philadelphia Flyers,/teams/PHI/2013.html,,,
2013,"Thu, Apr 25, 2013",,Calgary Flames,/teams/CGY/2013.html,,St. Louis Blues,/teams/STL/2013.html,,,
2013,"Thu, Apr 25, 2013",,Anaheim Ducks,/teams/ANA/2013.html,,Vancouver Canucks,/teams/VAN/2013.html,,,
2013,"Thu, Apr 25, 2013",,Montreal Canadiens,/teams/MTL/2013.html,,Winnipeg Jets,/teams/WPG/2013.html,,,
2013,"Thu, Apr 25, 2013",,Ottawa Senators,/teams/OTT/2013.html,,Washington Capitals,/teams/WSH/2013.html,,,
2013,"Fri, Apr 26, 2013",,New York Islanders,/teams/NYI/2013.html,,Buffalo Sabres,/teams/BUF/2013.html,,,
2013,"Fri, Apr 26, 2013",,Calgary Flames,/teams/CGY/2013.html,,Chicago Blackhawks,/teams/CHI/2013.html,,,
2013,"Fri, Apr 26, 2013",,Edmonton Oilers,/teams/EDM/2013.html,,Minnesota Wild,/teams/MIN/2013.html,,,
2013,"Fri, Apr 26, 2013",,Colorado Avalanche,/teams/COL/2013.html,,Phoenix Coyotes,/teams/PHX/2013.html,,,
2013,"Sat, Apr 27, 2013",,Phoenix Coyotes,/teams/PHX/2013.html,,Anaheim Ducks,/teams/ANA/2013.html,,,
2013,"Sat, Apr 27, 2013",,Nashville Predators,/teams/NSH/2013.html,,Columbus Blue Jackets,/teams/CBJ/2013.html,,,
2013,"Sat, Apr 27, 2013",,Minnesota Wild,/teams/MIN/2013.html,,Colorado Avalanche,/teams/COL/2013.html,,,
2013,"Sat, Apr 27, 2013",,Detroit Red Wings,/teams/DET/2013.html,,Dallas Stars,/teams/DAL/2013.html,,,
2013,"Sat, Apr 27, 2013",,Vancouver Canucks,/teams/VAN/2013.html,,Edmonton Oilers,/teams/EDM/2013.html,,,
2013,"Sat, Apr 27, 2013",,San Jose Sharks,/teams/SJS/2013.html,,Los Angeles Kings,/teams/LAK/2013.html,,,
2013,"Sat, Apr 27, 2013",,New Jersey Devils,/teams/NJD/2013.html,,New York Rangers,/teams/NYR/2013.html,,,
2013,"Sat, Apr 27, 2013",,Philadelphia Flyers,/teams/PHI/2013.html,,Ottawa Senators,/teams/OTT/2013.html,,,
2013,"Sat, Apr 27, 2013",,Carolina Hurricanes,/teams/CAR/2013.html,,Pittsburgh Penguins,/teams/PIT/2013.html,,,
2013,"Sat, Apr 27, 2013",,Chicago Blackhawks,/teams/CHI/2013.html,,St. Louis Blues,/teams/STL/2013.html,,,
2013,"Sat, Apr 27, 2013",,Florida Panthers,/teams/FLA/2013.html,,Tampa Bay Lightning,/teams/TBL/2013.html,,,
2013,"Sat, Apr 27, 2013",,Montreal Canadiens,/teams/MTL/2013.html,,Toronto Maple Leafs,/teams/TOR/2013.html,,,
2013,"Sat, Apr 27, 2013",,Boston Bruins,/teams/BOS/2013.html,,Washington Capitals,/teams/WSH/2013.html,,,
