1972,1971-10-08,,Los Angeles Kings,/teams/LAK/1972.html,4,California Golden Seals,/teams/CGS/1972.html,4,,,,
1972,1971-10-08,,Toronto Maple Leafs,/teams/TOR/1972.html,3,Vancouver Canucks,/teams/VAN/1972.html,2,,,,
1972,1971-10-09,,Minnesota North Stars,/teams/MNS/1972.html,4,Detroit Red Wings,/teams/DET/1972.html,2,,,,
1972,1971-10-09,,New York Rangers,/teams/NYR/1972.html,4,Montreal Canadiens,/teams/MTL/1972.html,4,,,,
1972,1971-10-09,,Philadelphia Flyers,/teams/PHI/1972.html,2,Pittsburgh Penguins,/teams/PIT/1972.html,3,,,,
1972,1971-10-09,,Chicago Black Hawks,/teams/CBH/1972.html,4,St. Louis Blues,/teams/STL/1972.html,2,,,,
1972,1971-10-10,,New York Rangers,/teams/NYR/1972.html,4,Boston Bruins,/teams/BOS/1972.html,1,,,,
1972,1971-10-10,,Pittsburgh Penguins,/teams/PIT/1972.html,1,Buffalo Sabres,/teams/BUF/1972.html,2,,,,
1972,1971-10-10,,Detroit Red Wings,/teams/DET/1972.html,1,Chicago Black Hawks,/teams/CBH/1972.html,2,,,,
1972,1971-10-10,,Toronto Maple Leafs,/teams/TOR/1972.html,3,California Golden Seals,/teams/CGS/1972.html,3,,,,
1972,1971-10-10,,Los Angeles Kings,/teams/LAK/1972.html,4,Vancouver Canucks,/teams/VAN/1972.html,3,,,,
1972,1971-10-12,,Buffalo Sabres,/teams/BUF/1972.html,1,St. Louis Blues,/teams/STL/1972.html,4,,,,
1972,1971-10-12,,Philadelphia Flyers,/teams/PHI/1972.html,2,Vancouver Canucks,/teams/VAN/1972.html,3,,,,
1972,1971-10-13,,St. Louis Blues,/teams/STL/1972.html,0,Chicago Black Hawks,/teams/CBH/1972.html,1,,,,
1972,1971-10-13,,Philadelphia Flyers,/teams/PHI/1972.html,5,California Golden Seals,/teams/CGS/1972.html,4,,,,
1972,1971-10-13,,Pittsburgh Penguins,/teams/PIT/1972.html,4,Los Angeles Kings,/teams/LAK/1972.html,1,,,,
1972,1971-10-13,,Boston Bruins,/teams/BOS/1972.html,6,New York Rangers,/teams/NYR/1972.html,1,,,,
1972,1971-10-14,,Buffalo Sabres,/teams/BUF/1972.html,2,Boston Bruins,/teams/BOS/1972.html,6,,,,
1972,1971-10-14,,Montreal Canadiens,/teams/MTL/1972.html,1,Minnesota North Stars,/teams/MNS/1972.html,1,,,,
1972,1971-10-15,,Vancouver Canucks,/teams/VAN/1972.html,9,California Golden Seals,/teams/CGS/1972.html,6,,,,
1972,1971-10-16,,Philadelphia Flyers,/teams/PHI/1972.html,1,Los Angeles Kings,/teams/LAK/1972.html,0,,,,
1972,1971-10-16,,Chicago Black Hawks,/teams/CBH/1972.html,3,Minnesota North Stars,/teams/MNS/1972.html,2,,,,
1972,1971-10-16,,Buffalo Sabres,/teams/BUF/1972.html,3,Montreal Canadiens,/teams/MTL/1972.html,9,,,,
1972,1971-10-16,,Detroit Red Wings,/teams/DET/1972.html,2,St. Louis Blues,/teams/STL/1972.html,9,,,,
1972,1971-10-16,,New York Rangers,/teams/NYR/1972.html,5,Toronto Maple Leafs,/teams/TOR/1972.html,3,,,,
1972,1971-10-16,,Pittsburgh Penguins,/teams/PIT/1972.html,2,Vancouver Canucks,/teams/VAN/1972.html,1,,,,
1972,1971-10-17,,Toronto Maple Leafs,/teams/TOR/1972.html,2,Boston Bruins,/teams/BOS/1972.html,2,,,,
1972,1971-10-17,,Minnesota North Stars,/teams/MNS/1972.html,3,Buffalo Sabres,/teams/BUF/1972.html,2,,,,
1972,1971-10-17,,Los Angeles Kings,/teams/LAK/1972.html,0,Chicago Black Hawks,/teams/CBH/1972.html,4,,,,
1972,1971-10-17,,Pittsburgh Penguins,/teams/PIT/1972.html,4,California Golden Seals,/teams/CGS/1972.html,2,,,,
1972,1971-10-17,,St. Louis Blues,/teams/STL/1972.html,3,Detroit Red Wings,/teams/DET/1972.html,5,,,,
1972,1971-10-17,,Montreal Canadiens,/teams/MTL/1972.html,4,New York Rangers,/teams/NYR/1972.html,8,,,,
1972,1971-10-19,,Vancouver Canucks,/teams/VAN/1972.html,3,St. Louis Blues,/teams/STL/1972.html,1,,,,
1972,1971-10-20,,Detroit Red Wings,/teams/DET/1972.html,3,Boston Bruins,/teams/BOS/1972.html,4,,,,
1972,1971-10-20,,Montreal Canadiens,/teams/MTL/1972.html,4,California Golden Seals,/teams/CGS/1972.html,2,,,,
1972,1971-10-20,,Vancouver Canucks,/teams/VAN/1972.html,0,Minnesota North Stars,/teams/MNS/1972.html,7,,,,
1972,1971-10-20,,Chicago Black Hawks,/teams/CBH/1972.html,1,New York Rangers,/teams/NYR/1972.html,3,,,,
1972,1971-10-20,,Los Angeles Kings,/teams/LAK/1972.html,1,Pittsburgh Penguins,/teams/PIT/1972.html,8,,,,
1972,1971-10-20,,Buffalo Sabres,/teams/BUF/1972.html,7,Toronto Maple Leafs,/teams/TOR/1972.html,2,,,,
1972,1971-10-21,,Chicago Black Hawks,/teams/CBH/1972.html,5,Buffalo Sabres,/teams/BUF/1972.html,2,,,,
1972,1971-10-21,,Los Angeles Kings,/teams/LAK/1972.html,7,Philadelphia Flyers,/teams/PHI/1972.html,0,,,,
1972,1971-10-22,,Boston Bruins,/teams/BOS/1972.html,5,California Golden Seals,/teams/CGS/1972.html,1,,,,
1972,1971-10-22,,Toronto Maple Leafs,/teams/TOR/1972.html,2,Detroit Red Wings,/teams/DET/1972.html,5,,,,
1972,1971-10-22,,Montreal Canadiens,/teams/MTL/1972.html,6,Vancouver Canucks,/teams/VAN/1972.html,0,,,,
1972,1971-10-23,,Montreal Canadiens,/teams/MTL/1972.html,3,Los Angeles Kings,/teams/LAK/1972.html,1,,,,
1972,1971-10-23,,Buffalo Sabres,/teams/BUF/1972.html,1,Minnesota North Stars,/teams/MNS/1972.html,5,,,,
1972,1971-10-23,,Chicago Black Hawks,/teams/CBH/1972.html,5,Pittsburgh Penguins,/teams/PIT/1972.html,2,,,,
1972,1971-10-23,,New York Rangers,/teams/NYR/1972.html,4,St. Louis Blues,/teams/STL/1972.html,3,,,,
1972,1971-10-23,,Philadelphia Flyers,/teams/PHI/1972.html,3,Toronto Maple Leafs,/teams/TOR/1972.html,5,,,,
1972,1971-10-24,,St. Louis Blues,/teams/STL/1972.html,3,Buffalo Sabres,/teams/BUF/1972.html,2,,,,
1972,1971-10-24,,California Golden Seals,/teams/CGS/1972.html,6,Detroit Red Wings,/teams/DET/1972.html,3,,,,
1972,1971-10-24,,Minnesota North Stars,/teams/MNS/1972.html,6,Los Angeles Kings,/teams/LAK/1972.html,3,,,,
1972,1971-10-24,,Pittsburgh Penguins,/teams/PIT/1972.html,1,New York Rangers,/teams/NYR/1972.html,1,,,,
1972,1971-10-24,,Chicago Black Hawks,/teams/CBH/1972.html,1,Philadelphia Flyers,/teams/PHI/1972.html,2,,,,
1972,1971-10-24,,Boston Bruins,/teams/BOS/1972.html,4,Vancouver Canucks,/teams/VAN/1972.html,3,,,,
1972,1971-10-26,,Chicago Black Hawks,/teams/CBH/1972.html,5,Detroit Red Wings,/teams/DET/1972.html,2,,,,
1972,1971-10-27,,Buffalo Sabres,/teams/BUF/1972.html,3,Los Angeles Kings,/teams/LAK/1972.html,2,,,,
1972,1971-10-27,,Boston Bruins,/teams/BOS/1972.html,2,Montreal Canadiens,/teams/MTL/1972.html,5,,,,
1972,1971-10-27,,Detroit Red Wings,/teams/DET/1972.html,4,New York Rangers,/teams/NYR/1972.html,7,,,,
1972,1971-10-27,,California Golden Seals,/teams/CGS/1972.html,6,Pittsburgh Penguins,/teams/PIT/1972.html,4,,,,
1972,1971-10-27,,Minnesota North Stars,/teams/MNS/1972.html,2,St. Louis Blues,/teams/STL/1972.html,1,,,,
1972,1971-10-27,,Vancouver Canucks,/teams/VAN/1972.html,0,Toronto Maple Leafs,/teams/TOR/1972.html,0,,,,
1972,1971-10-28,,California Golden Seals,/teams/CGS/1972.html,2,Boston Bruins,/teams/BOS/1972.html,0,,,,
1972,1971-10-28,,Pittsburgh Penguins,/teams/PIT/1972.html,0,Minnesota North Stars,/teams/MNS/1972.html,2,,,,
1972,1971-10-28,,Vancouver Canucks,/teams/VAN/1972.html,2,Philadelphia Flyers,/teams/PHI/1972.html,3,,,,
1972,1971-10-30,,Chicago Black Hawks,/teams/CBH/1972.html,5,Los Angeles Kings,/teams/LAK/1972.html,1,,,,
1972,1971-10-30,,Detroit Red Wings,/teams/DET/1972.html,0,Montreal Canadiens,/teams/MTL/1972.html,3,,,,
1972,1971-10-30,,New York Rangers,/teams/NYR/1972.html,1,Pittsburgh Penguins,/teams/PIT/1972.html,1,,,,
1972,1971-10-30,,Philadelphia Flyers,/teams/PHI/1972.html,4,St. Louis Blues,/teams/STL/1972.html,4,,,,
1972,1971-10-30,,Minnesota North Stars,/teams/MNS/1972.html,1,Toronto Maple Leafs,/teams/TOR/1972.html,1,,,,
1972,1971-10-30,,Buffalo Sabres,/teams/BUF/1972.html,4,Vancouver Canucks,/teams/VAN/1972.html,4,,,,
1972,1971-10-31,,Minnesota North Stars,/teams/MNS/1972.html,2,Boston Bruins,/teams/BOS/1972.html,5,,,,
1972,1971-10-31,,Buffalo Sabres,/teams/BUF/1972.html,2,California Golden Seals,/teams/CGS/1972.html,2,,,,
1972,1971-10-31,,Pittsburgh Penguins,/teams/PIT/1972.html,1,Detroit Red Wings,/teams/DET/1972.html,3,,,,
1972,1971-10-31,,Toronto Maple Leafs,/teams/TOR/1972.html,3,New York Rangers,/teams/NYR/1972.html,3,,,,
1972,1971-10-31,,Montreal Canadiens,/teams/MTL/1972.html,3,Philadelphia Flyers,/teams/PHI/1972.html,5,,,,
1972,1971-10-31,,Chicago Black Hawks,/teams/CBH/1972.html,2,Vancouver Canucks,/teams/VAN/1972.html,6,,,,
1972,1971-11-01,,Detroit Red Wings,/teams/DET/1972.html,1,Toronto Maple Leafs,/teams/TOR/1972.html,6,,,,
1972,1971-11-03,,Philadelphia Flyers,/teams/PHI/1972.html,0,Chicago Black Hawks,/teams/CBH/1972.html,3,,,,
1972,1971-11-03,,Pittsburgh Penguins,/teams/PIT/1972.html,3,California Golden Seals,/teams/CGS/1972.html,5,,,,
1972,1971-11-03,,New York Rangers,/teams/NYR/1972.html,7,Los Angeles Kings,/teams/LAK/1972.html,1,,,,
1972,1971-11-03,,Toronto Maple Leafs,/teams/TOR/1972.html,1,Minnesota North Stars,/teams/MNS/1972.html,2,,,,
1972,1971-11-03,,St. Louis Blues,/teams/STL/1972.html,1,Montreal Canadiens,/teams/MTL/1972.html,5,,,,
1972,1971-11-04,,St. Louis Blues,/teams/STL/1972.html,1,Boston Bruins,/teams/BOS/1972.html,6,,,,
1972,1971-11-04,,Buffalo Sabres,/teams/BUF/1972.html,4,Detroit Red Wings,/teams/DET/1972.html,4,,,,
1972,1971-11-05,,Philadelphia Flyers,/teams/PHI/1972.html,2,Buffalo Sabres,/teams/BUF/1972.html,5,,,,
1972,1971-11-05,,New York Rangers,/teams/NYR/1972.html,8,California Golden Seals,/teams/CGS/1972.html,1,,,,
1972,1971-11-05,,Pittsburgh Penguins,/teams/PIT/1972.html,2,Vancouver Canucks,/teams/VAN/1972.html,4,,,,
1972,1971-11-06,,Boston Bruins,/teams/BOS/1972.html,2,Detroit Red Wings,/teams/DET/1972.html,1,,,,
1972,1971-11-06,,Toronto Maple Leafs,/teams/TOR/1972.html,3,Los Angeles Kings,/teams/LAK/1972.html,2,,,,
1972,1971-11-06,,St. Louis Blues,/teams/STL/1972.html,1,Minnesota North Stars,/teams/MNS/1972.html,5,,,,
1972,1971-11-06,,Chicago Black Hawks,/teams/CBH/1972.html,1,Montreal Canadiens,/teams/MTL/1972.html,2,,,,
1972,1971-11-06,,New York Rangers,/teams/NYR/1972.html,3,Vancouver Canucks,/teams/VAN/1972.html,1,,,,
1972,1971-11-07,,Montreal Canadiens,/teams/MTL/1972.html,3,Boston Bruins,/teams/BOS/1972.html,2,,,,
1972,1971-11-07,,Detroit Red Wings,/teams/DET/1972.html,3,Buffalo Sabres,/teams/BUF/1972.html,3,,,,
1972,1971-11-07,,Pittsburgh Penguins,/teams/PIT/1972.html,1,Chicago Black Hawks,/teams/CBH/1972.html,4,,,,
1972,1971-11-07,,Toronto Maple Leafs,/teams/TOR/1972.html,1,California Golden Seals,/teams/CGS/1972.html,8,,,,
1972,1971-11-07,,Minnesota North Stars,/teams/MNS/1972.html,3,Philadelphia Flyers,/teams/PHI/1972.html,0,,,,
1972,1971-11-09,,Pittsburgh Penguins,/teams/PIT/1972.html,4,St. Louis Blues,/teams/STL/1972.html,1,,,,
1972,1971-11-10,,Boston Bruins,/teams/BOS/1972.html,1,Chicago Black Hawks,/teams/CBH/1972.html,3,,,,
1972,1971-11-10,,Detroit Red Wings,/teams/DET/1972.html,2,Minnesota North Stars,/teams/MNS/1972.html,1,,,,
1972,1971-11-10,,Los Angeles Kings,/teams/LAK/1972.html,1,New York Rangers,/teams/NYR/1972.html,7,,,,
1972,1971-11-10,,Vancouver Canucks,/teams/VAN/1972.html,1,Pittsburgh Penguins,/teams/PIT/1972.html,3,,,,
1972,1971-11-10,,Montreal Canadiens,/teams/MTL/1972.html,5,Toronto Maple Leafs,/teams/TOR/1972.html,2,,,,
1972,1971-11-11,,California Golden Seals,/teams/CGS/1972.html,2,Boston Bruins,/teams/BOS/1972.html,5,,,,
1972,1971-11-11,,Los Angeles Kings,/teams/LAK/1972.html,4,Buffalo Sabres,/teams/BUF/1972.html,2,,,,
1972,1971-11-11,,Vancouver Canucks,/teams/VAN/1972.html,3,Philadelphia Flyers,/teams/PHI/1972.html,4,,,,
1972,1971-11-13,,Montreal Canadiens,/teams/MTL/1972.html,5,Minnesota North Stars,/teams/MNS/1972.html,1,,,,
1972,1971-11-13,,Buffalo Sabres,/teams/BUF/1972.html,2,New York Rangers,/teams/NYR/1972.html,5,,,,
1972,1971-11-13,,Detroit Red Wings,/teams/DET/1972.html,6,Philadelphia Flyers,/teams/PHI/1972.html,3,,,,
1972,1971-11-13,,Los Angeles Kings,/teams/LAK/1972.html,4,Pittsburgh Penguins,/teams/PIT/1972.html,6,,,,
1972,1971-11-13,,California Golden Seals,/teams/CGS/1972.html,1,St. Louis Blues,/teams/STL/1972.html,5,,,,
1972,1971-11-13,,Vancouver Canucks,/teams/VAN/1972.html,2,Toronto Maple Leafs,/teams/TOR/1972.html,2,,,,
1972,1971-11-14,,Los Angeles Kings,/teams/LAK/1972.html,2,Boston Bruins,/teams/BOS/1972.html,11,,,,
1972,1971-11-14,,Montreal Canadiens,/teams/MTL/1972.html,2,Buffalo Sabres,/teams/BUF/1972.html,2,,,,
1972,1971-11-14,,California Golden Seals,/teams/CGS/1972.html,1,Chicago Black Hawks,/teams/CBH/1972.html,4,,,,
1972,1971-11-14,,Vancouver Canucks,/teams/VAN/1972.html,1,New York Rangers,/teams/NYR/1972.html,6,,,,
1972,1971-11-14,,Toronto Maple Leafs,/teams/TOR/1972.html,3,Philadelphia Flyers,/teams/PHI/1972.html,3,,,,
1972,1971-11-16,,California Golden Seals,/teams/CGS/1972.html,2,Montreal Canadiens,/teams/MTL/1972.html,7,,,,
1972,1971-11-16,,Minnesota North Stars,/teams/MNS/1972.html,5,Pittsburgh Penguins,/teams/PIT/1972.html,1,,,,
1972,1971-11-16,,Detroit Red Wings,/teams/DET/1972.html,2,St. Louis Blues,/teams/STL/1972.html,2,,,,
1972,1971-11-17,,Vancouver Canucks,/teams/VAN/1972.html,0,Chicago Black Hawks,/teams/CBH/1972.html,3,,,,
1972,1971-11-17,,Los Angeles Kings,/teams/LAK/1972.html,1,Toronto Maple Leafs,/teams/TOR/1972.html,5,,,,
1972,1971-11-18,,Vancouver Canucks,/teams/VAN/1972.html,0,Boston Bruins,/teams/BOS/1972.html,5,,,,
1972,1971-11-18,,California Golden Seals,/teams/CGS/1972.html,7,Buffalo Sabres,/teams/BUF/1972.html,5,,,,
1972,1971-11-18,,Pittsburgh Penguins,/teams/PIT/1972.html,3,Minnesota North Stars,/teams/MNS/1972.html,4,,,,
1972,1971-11-18,,St. Louis Blues,/teams/STL/1972.html,2,Montreal Canadiens,/teams/MTL/1972.html,2,,,,
1972,1971-11-18,,Los Angeles Kings,/teams/LAK/1972.html,0,Philadelphia Flyers,/teams/PHI/1972.html,2,,,,
1972,1971-11-20,,Chicago Black Hawks,/teams/CBH/1972.html,1,Boston Bruins,/teams/BOS/1972.html,2,,,,
1972,1971-11-20,,Detroit Red Wings,/teams/DET/1972.html,1,Los Angeles Kings,/teams/LAK/1972.html,3,,,,
1972,1971-11-20,,New York Rangers,/teams/NYR/1972.html,1,Minnesota North Stars,/teams/MNS/1972.html,4,,,,
1972,1971-11-20,,Philadelphia Flyers,/teams/PHI/1972.html,2,Montreal Canadiens,/teams/MTL/1972.html,2,,,,
1972,1971-11-20,,St. Louis Blues,/teams/STL/1972.html,4,Pittsburgh Penguins,/teams/PIT/1972.html,2,,,,
1972,1971-11-20,,California Golden Seals,/teams/CGS/1972.html,1,Toronto Maple Leafs,/teams/TOR/1972.html,5,,,,
1972,1971-11-21,,St. Louis Blues,/teams/STL/1972.html,2,Boston Bruins,/teams/BOS/1972.html,6,,,,
1972,1971-11-21,,Toronto Maple Leafs,/teams/TOR/1972.html,4,Buffalo Sabres,/teams/BUF/1972.html,3,,,,
1972,1971-11-21,,Pittsburgh Penguins,/teams/PIT/1972.html,3,Chicago Black Hawks,/teams/CBH/1972.html,7,,,,
1972,1971-11-21,,California Golden Seals,/teams/CGS/1972.html,1,New York Rangers,/teams/NYR/1972.html,12,,,,
1972,1971-11-21,,Minnesota North Stars,/teams/MNS/1972.html,1,Philadelphia Flyers,/teams/PHI/1972.html,1,,,,
1972,1971-11-21,,Detroit Red Wings,/teams/DET/1972.html,2,Vancouver Canucks,/teams/VAN/1972.html,2,,,,
1972,1971-11-23,,Los Angeles Kings,/teams/LAK/1972.html,1,St. Louis Blues,/teams/STL/1972.html,3,,,,
1972,1971-11-23,,Minnesota North Stars,/teams/MNS/1972.html,2,Vancouver Canucks,/teams/VAN/1972.html,1,,,,
1972,1971-11-24,,Montreal Canadiens,/teams/MTL/1972.html,3,Chicago Black Hawks,/teams/CBH/1972.html,3,,,,
1972,1971-11-24,,Detroit Red Wings,/teams/DET/1972.html,1,California Golden Seals,/teams/CGS/1972.html,6,,,,
1972,1971-11-24,,Buffalo Sabres,/teams/BUF/1972.html,3,Los Angeles Kings,/teams/LAK/1972.html,5,,,,
1972,1971-11-24,,St. Louis Blues,/teams/STL/1972.html,3,New York Rangers,/teams/NYR/1972.html,8,,,,
1972,1971-11-24,,Boston Bruins,/teams/BOS/1972.html,2,Philadelphia Flyers,/teams/PHI/1972.html,1,,,,
1972,1971-11-24,,Toronto Maple Leafs,/teams/TOR/1972.html,2,Pittsburgh Penguins,/teams/PIT/1972.html,1,,,,
1972,1971-11-25,,Philadelphia Flyers,/teams/PHI/1972.html,2,Boston Bruins,/teams/BOS/1972.html,4,,,,
1972,1971-11-26,,Minnesota North Stars,/teams/MNS/1972.html,2,California Golden Seals,/teams/CGS/1972.html,1,,,,
1972,1971-11-27,,New York Rangers,/teams/NYR/1972.html,1,Detroit Red Wings,/teams/DET/1972.html,3,,,,
1972,1971-11-27,,Minnesota North Stars,/teams/MNS/1972.html,3,Los Angeles Kings,/teams/LAK/1972.html,1,,,,
1972,1971-11-27,,Pittsburgh Penguins,/teams/PIT/1972.html,1,Montreal Canadiens,/teams/MTL/1972.html,3,,,,
1972,1971-11-27,,Boston Bruins,/teams/BOS/1972.html,6,St. Louis Blues,/teams/STL/1972.html,6,,,,
1972,1971-11-27,,Chicago Black Hawks,/teams/CBH/1972.html,3,Toronto Maple Leafs,/teams/TOR/1972.html,3,,,,
1972,1971-11-27,,Buffalo Sabres,/teams/BUF/1972.html,2,Vancouver Canucks,/teams/VAN/1972.html,5,,,,
1972,1971-11-28,,Toronto Maple Leafs,/teams/TOR/1972.html,1,Chicago Black Hawks,/teams/CBH/1972.html,4,,,,
1972,1971-11-28,,Buffalo Sabres,/teams/BUF/1972.html,3,California Golden Seals,/teams/CGS/1972.html,5,,,,
1972,1971-11-28,,Montreal Canadiens,/teams/MTL/1972.html,2,Detroit Red Wings,/teams/DET/1972.html,4,,,,
1972,1971-11-28,,New York Rangers,/teams/NYR/1972.html,4,Philadelphia Flyers,/teams/PHI/1972.html,2,,,,
1972,1971-11-30,,California Golden Seals,/teams/CGS/1972.html,2,St. Louis Blues,/teams/STL/1972.html,5,,,,
1972,1971-11-30,,Chicago Black Hawks,/teams/CBH/1972.html,2,Vancouver Canucks,/teams/VAN/1972.html,4,,,,
1972,1971-12-01,,California Golden Seals,/teams/CGS/1972.html,1,Minnesota North Stars,/teams/MNS/1972.html,4,,,,
1972,1971-12-01,,Los Angeles Kings,/teams/LAK/1972.html,3,Montreal Canadiens,/teams/MTL/1972.html,5,,,,
1972,1971-12-01,,Buffalo Sabres,/teams/BUF/1972.html,2,New York Rangers,/teams/NYR/1972.html,7,,,,
1972,1971-12-01,,Detroit Red Wings,/teams/DET/1972.html,2,Pittsburgh Penguins,/teams/PIT/1972.html,4,,,,
1972,1971-12-01,,St. Louis Blues,/teams/STL/1972.html,2,Toronto Maple Leafs,/teams/TOR/1972.html,4,,,,
1972,1971-12-02,,Los Angeles Kings,/teams/LAK/1972.html,0,Buffalo Sabres,/teams/BUF/1972.html,2,,,,
1972,1971-12-02,,Detroit Red Wings,/teams/DET/1972.html,1,Philadelphia Flyers,/teams/PHI/1972.html,1,,,,
1972,1971-12-03,,Chicago Black Hawks,/teams/CBH/1972.html,1,California Golden Seals,/teams/CGS/1972.html,2,,,,
1972,1971-12-04,,Los Angeles Kings,/teams/LAK/1972.html,1,Detroit Red Wings,/teams/DET/1972.html,5,,,,
1972,1971-12-04,,Philadelphia Flyers,/teams/PHI/1972.html,1,Minnesota North Stars,/teams/MNS/1972.html,3,,,,
1972,1971-12-04,,Vancouver Canucks,/teams/VAN/1972.html,0,Montreal Canadiens,/teams/MTL/1972.html,7,,,,
1972,1971-12-04,,New York Rangers,/teams/NYR/1972.html,2,Pittsburgh Penguins,/teams/PIT/1972.html,4,,,,
1972,1971-12-04,,Buffalo Sabres,/teams/BUF/1972.html,1,St. Louis Blues,/teams/STL/1972.html,5,,,,
1972,1971-12-04,,Boston Bruins,/teams/BOS/1972.html,5,Toronto Maple Leafs,/teams/TOR/1972.html,3,,,,
1972,1971-12-05,,Pittsburgh Penguins,/teams/PIT/1972.html,3,Boston Bruins,/teams/BOS/1972.html,5,,,,
1972,1971-12-05,,Minnesota North Stars,/teams/MNS/1972.html,1,Buffalo Sabres,/teams/BUF/1972.html,3,,,,
1972,1971-12-05,,Los Angeles Kings,/teams/LAK/1972.html,0,Chicago Black Hawks,/teams/CBH/1972.html,7,,,,
1972,1971-12-05,,St. Louis Blues,/teams/STL/1972.html,2,Detroit Red Wings,/teams/DET/1972.html,1,,,,
1972,1971-12-05,,Vancouver Canucks,/teams/VAN/1972.html,3,New York Rangers,/teams/NYR/1972.html,6,,,,
1972,1971-12-05,,California Golden Seals,/teams/CGS/1972.html,0,Philadelphia Flyers,/teams/PHI/1972.html,3,,,,
1972,1971-12-07,,St. Louis Blues,/teams/STL/1972.html,1,Vancouver Canucks,/teams/VAN/1972.html,2,,,,
1972,1971-12-08,,New York Rangers,/teams/NYR/1972.html,2,Chicago Black Hawks,/teams/CBH/1972.html,2,,,,
1972,1971-12-08,,Boston Bruins,/teams/BOS/1972.html,5,Los Angeles Kings,/teams/LAK/1972.html,3,,,,
1972,1971-12-08,,Detroit Red Wings,/teams/DET/1972.html,2,Montreal Canadiens,/teams/MTL/1972.html,4,,,,
1972,1971-12-08,,California Golden Seals,/teams/CGS/1972.html,1,Pittsburgh Penguins,/teams/PIT/1972.html,1,,,,
1972,1971-12-08,,Minnesota North Stars,/teams/MNS/1972.html,1,Toronto Maple Leafs,/teams/TOR/1972.html,3,,,,
1972,1971-12-09,,Chicago Black Hawks,/teams/CBH/1972.html,3,Buffalo Sabres,/teams/BUF/1972.html,1,,,,
1972,1971-12-09,,New York Rangers,/teams/NYR/1972.html,5,Philadelphia Flyers,/teams/PHI/1972.html,0,,,,
1972,1971-12-10,,St. Louis Blues,/teams/STL/1972.html,4,California Golden Seals,/teams/CGS/1972.html,4,,,,
1972,1971-12-11,,Philadelphia Flyers,/teams/PHI/1972.html,3,Detroit Red Wings,/teams/DET/1972.html,6,,,,
1972,1971-12-11,,St. Louis Blues,/teams/STL/1972.html,1,Los Angeles Kings,/teams/LAK/1972.html,4,,,,
1972,1971-12-11,,Minnesota North Stars,/teams/MNS/1972.html,3,Montreal Canadiens,/teams/MTL/1972.html,4,,,,
1972,1971-12-11,,Buffalo Sabres,/teams/BUF/1972.html,3,Pittsburgh Penguins,/teams/PIT/1972.html,3,,,,
1972,1971-12-11,,Chicago Black Hawks,/teams/CBH/1972.html,3,Toronto Maple Leafs,/teams/TOR/1972.html,1,,,,
1972,1971-12-11,,Boston Bruins,/teams/BOS/1972.html,6,Vancouver Canucks,/teams/VAN/1972.html,2,,,,
1972,1971-12-12,,Toronto Maple Leafs,/teams/TOR/1972.html,4,Buffalo Sabres,/teams/BUF/1972.html,2,,,,
1972,1971-12-12,,Minnesota North Stars,/teams/MNS/1972.html,3,Chicago Black Hawks,/teams/CBH/1972.html,5,,,,
1972,1971-12-12,,Boston Bruins,/teams/BOS/1972.html,2,California Golden Seals,/teams/CGS/1972.html,4,,,,
1972,1971-12-12,,Pittsburgh Penguins,/teams/PIT/1972.html,1,New York Rangers,/teams/NYR/1972.html,6,,,,
1972,1971-12-12,,Montreal Canadiens,/teams/MTL/1972.html,1,Philadelphia Flyers,/teams/PHI/1972.html,4,,,,
1972,1971-12-14,,Toronto Maple Leafs,/teams/TOR/1972.html,4,St. Louis Blues,/teams/STL/1972.html,2,,,,
1972,1971-12-14,,Detroit Red Wings,/teams/DET/1972.html,4,Vancouver Canucks,/teams/VAN/1972.html,3,,,,
1972,1971-12-15,,Buffalo Sabres,/teams/BUF/1972.html,1,Chicago Black Hawks,/teams/CBH/1972.html,2,,,,
1972,1971-12-15,,Montreal Canadiens,/teams/MTL/1972.html,3,Los Angeles Kings,/teams/LAK/1972.html,1,,,,
1972,1971-12-15,,St. Louis Blues,/teams/STL/1972.html,1,Minnesota North Stars,/teams/MNS/1972.html,4,,,,
1972,1971-12-15,,Philadelphia Flyers,/teams/PHI/1972.html,2,New York Rangers,/teams/NYR/1972.html,6,,,,
1972,1971-12-15,,Pittsburgh Penguins,/teams/PIT/1972.html,2,Toronto Maple Leafs,/teams/TOR/1972.html,3,,,,
1972,1971-12-16,,New York Rangers,/teams/NYR/1972.html,1,Boston Bruins,/teams/BOS/1972.html,8,,,,
1972,1971-12-16,,Buffalo Sabres,/teams/BUF/1972.html,0,Philadelphia Flyers,/teams/PHI/1972.html,5,,,,
1972,1971-12-17,,Detroit Red Wings,/teams/DET/1972.html,3,California Golden Seals,/teams/CGS/1972.html,3,,,,
1972,1971-12-17,,Montreal Canadiens,/teams/MTL/1972.html,6,Vancouver Canucks,/teams/VAN/1972.html,2,,,,
1972,1971-12-18,,Detroit Red Wings,/teams/DET/1972.html,2,Los Angeles Kings,/teams/LAK/1972.html,4,,,,
1972,1971-12-18,,Chicago Black Hawks,/teams/CBH/1972.html,4,Minnesota North Stars,/teams/MNS/1972.html,1,,,,
1972,1971-12-18,,Boston Bruins,/teams/BOS/1972.html,4,Pittsburgh Penguins,/teams/PIT/1972.html,3,,,,
1972,1971-12-18,,New York Rangers,/teams/NYR/1972.html,5,St. Louis Blues,/teams/STL/1972.html,2,,,,
1972,1971-12-18,,Buffalo Sabres,/teams/BUF/1972.html,1,Toronto Maple Leafs,/teams/TOR/1972.html,8,,,,
1972,1971-12-19,,Pittsburgh Penguins,/teams/PIT/1972.html,2,Boston Bruins,/teams/BOS/1972.html,2,,,,
1972,1971-12-19,,Vancouver Canucks,/teams/VAN/1972.html,1,Buffalo Sabres,/teams/BUF/1972.html,5,,,,
1972,1971-12-19,,St. Louis Blues,/teams/STL/1972.html,0,Chicago Black Hawks,/teams/CBH/1972.html,2,,,,
1972,1971-12-19,,Montreal Canadiens,/teams/MTL/1972.html,3,California Golden Seals,/teams/CGS/1972.html,3,,,,
1972,1971-12-19,,Minnesota North Stars,/teams/MNS/1972.html,1,New York Rangers,/teams/NYR/1972.html,1,,,,
1972,1971-12-19,,Toronto Maple Leafs,/teams/TOR/1972.html,4,Philadelphia Flyers,/teams/PHI/1972.html,0,,,,
1972,1971-12-21,,Los Angeles Kings,/teams/LAK/1972.html,2,Minnesota North Stars,/teams/MNS/1972.html,3,,,,
1972,1971-12-22,,Chicago Black Hawks,/teams/CBH/1972.html,4,California Golden Seals,/teams/CGS/1972.html,1,,,,
1972,1971-12-22,,Vancouver Canucks,/teams/VAN/1972.html,0,Detroit Red Wings,/teams/DET/1972.html,3,,,,
1972,1971-12-22,,Toronto Maple Leafs,/teams/TOR/1972.html,2,Montreal Canadiens,/teams/MTL/1972.html,4,,,,
1972,1971-12-22,,Pittsburgh Penguins,/teams/PIT/1972.html,2,New York Rangers,/teams/NYR/1972.html,4,,,,
1972,1971-12-22,,Los Angeles Kings,/teams/LAK/1972.html,2,St. Louis Blues,/teams/STL/1972.html,1,,,,
1972,1971-12-23,,Boston Bruins,/teams/BOS/1972.html,4,Buffalo Sabres,/teams/BUF/1972.html,4,,,,
1972,1971-12-25,,Philadelphia Flyers,/teams/PHI/1972.html,1,Boston Bruins,/teams/BOS/1972.html,5,,,,
1972,1971-12-25,,California Golden Seals,/teams/CGS/1972.html,3,Los Angeles Kings,/teams/LAK/1972.html,1,,,,
1972,1971-12-25,,New York Rangers,/teams/NYR/1972.html,2,Minnesota North Stars,/teams/MNS/1972.html,1,,,,
1972,1971-12-25,,Montreal Canadiens,/teams/MTL/1972.html,2,Pittsburgh Penguins,/teams/PIT/1972.html,4,,,,
1972,1971-12-25,,Buffalo Sabres,/teams/BUF/1972.html,4,St. Louis Blues,/teams/STL/1972.html,4,,,,
1972,1971-12-25,,Detroit Red Wings,/teams/DET/1972.html,3,Toronto Maple Leafs,/teams/TOR/1972.html,5,,,,
1972,1971-12-26,,Toronto Maple Leafs,/teams/TOR/1972.html,1,Boston Bruins,/teams/BOS/1972.html,3,,,,
1972,1971-12-26,,St. Louis Blues,/teams/STL/1972.html,3,Buffalo Sabres,/teams/BUF/1972.html,6,,,,
1972,1971-12-26,,Los Angeles Kings,/teams/LAK/1972.html,3,Chicago Black Hawks,/teams/CBH/1972.html,6,,,,
1972,1971-12-26,,Minnesota North Stars,/teams/MNS/1972.html,1,Detroit Red Wings,/teams/DET/1972.html,5,,,,
1972,1971-12-26,,Montreal Canadiens,/teams/MTL/1972.html,1,New York Rangers,/teams/NYR/1972.html,5,,,,
1972,1971-12-26,,Pittsburgh Penguins,/teams/PIT/1972.html,1,Philadelphia Flyers,/teams/PHI/1972.html,6,,,,
1972,1971-12-26,,California Golden Seals,/teams/CGS/1972.html,2,Vancouver Canucks,/teams/VAN/1972.html,6,,,,
1972,1971-12-28,,Toronto Maple Leafs,/teams/TOR/1972.html,4,Pittsburgh Penguins,/teams/PIT/1972.html,2,,,,
1972,1971-12-29,,Detroit Red Wings,/teams/DET/1972.html,7,Buffalo Sabres,/teams/BUF/1972.html,3,,,,
1972,1971-12-29,,Boston Bruins,/teams/BOS/1972.html,5,Chicago Black Hawks,/teams/CBH/1972.html,1,,,,
1972,1971-12-29,,Vancouver Canucks,/teams/VAN/1972.html,1,Los Angeles Kings,/teams/LAK/1972.html,3,,,,
1972,1971-12-29,,California Golden Seals,/teams/CGS/1972.html,2,Montreal Canadiens,/teams/MTL/1972.html,3,,,,
1972,1971-12-29,,Philadelphia Flyers,/teams/PHI/1972.html,1,New York Rangers,/teams/NYR/1972.html,5,,,,
1972,1971-12-29,,St. Louis Blues,/teams/STL/1972.html,6,Toronto Maple Leafs,/teams/TOR/1972.html,3,,,,
1972,1971-12-30,,Boston Bruins,/teams/BOS/1972.html,2,Minnesota North Stars,/teams/MNS/1972.html,2,,,,
1972,1971-12-31,,California Golden Seals,/teams/CGS/1972.html,3,Detroit Red Wings,/teams/DET/1972.html,6,,,,
1972,1971-12-31,,Buffalo Sabres,/teams/BUF/1972.html,3,Pittsburgh Penguins,/teams/PIT/1972.html,3,,,,
1972,1972-01-01,,Minnesota North Stars,/teams/MNS/1972.html,3,Los Angeles Kings,/teams/LAK/1972.html,2,,,,
1972,1972-01-01,,Philadelphia Flyers,/teams/PHI/1972.html,4,St. Louis Blues,/teams/STL/1972.html,4,,,,
1972,1972-01-01,,Montreal Canadiens,/teams/MTL/1972.html,2,Toronto Maple Leafs,/teams/TOR/1972.html,5,,,,
1972,1972-01-02,,California Golden Seals,/teams/CGS/1972.html,4,Buffalo Sabres,/teams/BUF/1972.html,4,,,,
1972,1972-01-02,,Philadelphia Flyers,/teams/PHI/1972.html,2,Chicago Black Hawks,/teams/CBH/1972.html,6,,,,
1972,1972-01-02,,Montreal Canadiens,/teams/MTL/1972.html,4,Detroit Red Wings,/teams/DET/1972.html,6,,,,
1972,1972-01-02,,Boston Bruins,/teams/BOS/1972.html,4,New York Rangers,/teams/NYR/1972.html,1,,,,
1972,1972-01-02,,Los Angeles Kings,/teams/LAK/1972.html,6,Vancouver Canucks,/teams/VAN/1972.html,3,,,,
1972,1972-01-04,,California Golden Seals,/teams/CGS/1972.html,1,Los Angeles Kings,/teams/LAK/1972.html,4,,,,
1972,1972-01-05,,Pittsburgh Penguins,/teams/PIT/1972.html,3,Chicago Black Hawks,/teams/CBH/1972.html,3,,,,
1972,1972-01-05,,Los Angeles Kings,/teams/LAK/1972.html,2,California Golden Seals,/teams/CGS/1972.html,6,,,,
1972,1972-01-05,,Detroit Red Wings,/teams/DET/1972.html,2,Minnesota North Stars,/teams/MNS/1972.html,4,,,,
1972,1972-01-05,,Vancouver Canucks,/teams/VAN/1972.html,4,Montreal Canadiens,/teams/MTL/1972.html,6,,,,
1972,1972-01-05,,St. Louis Blues,/teams/STL/1972.html,1,New York Rangers,/teams/NYR/1972.html,9,,,,
1972,1972-01-05,,Boston Bruins,/teams/BOS/1972.html,2,Toronto Maple Leafs,/teams/TOR/1972.html,0,,,,
1972,1972-01-06,,Boston Bruins,/teams/BOS/1972.html,5,Buffalo Sabres,/teams/BUF/1972.html,2,,,,
1972,1972-01-06,,St. Louis Blues,/teams/STL/1972.html,3,Philadelphia Flyers,/teams/PHI/1972.html,2,,,,
1972,1972-01-07,,Detroit Red Wings,/teams/DET/1972.html,4,California Golden Seals,/teams/CGS/1972.html,4,,,,
1972,1972-01-08,,Vancouver Canucks,/teams/VAN/1972.html,5,Minnesota North Stars,/teams/MNS/1972.html,1,,,,
1972,1972-01-08,,Los Angeles Kings,/teams/LAK/1972.html,2,Montreal Canadiens,/teams/MTL/1972.html,10,,,,
1972,1972-01-08,,Chicago Black Hawks,/teams/CBH/1972.html,4,Pittsburgh Penguins,/teams/PIT/1972.html,0,,,,
1972,1972-01-08,,Boston Bruins,/teams/BOS/1972.html,3,St. Louis Blues,/teams/STL/1972.html,5,,,,
1972,1972-01-08,,Philadelphia Flyers,/teams/PHI/1972.html,2,Toronto Maple Leafs,/teams/TOR/1972.html,2,,,,
1972,1972-01-09,,Toronto Maple Leafs,/teams/TOR/1972.html,2,Buffalo Sabres,/teams/BUF/1972.html,1,,,,
1972,1972-01-09,,Montreal Canadiens,/teams/MTL/1972.html,2,Chicago Black Hawks,/teams/CBH/1972.html,5,,,,
1972,1972-01-09,,Pittsburgh Penguins,/teams/PIT/1972.html,2,Detroit Red Wings,/teams/DET/1972.html,4,,,,
1972,1972-01-09,,Los Angeles Kings,/teams/LAK/1972.html,0,New York Rangers,/teams/NYR/1972.html,8,,,,
1972,1972-01-09,,California Golden Seals,/teams/CGS/1972.html,3,Philadelphia Flyers,/teams/PHI/1972.html,10,,,,
1972,1972-01-11,,Philadelphia Flyers,/teams/PHI/1972.html,0,Detroit Red Wings,/teams/DET/1972.html,5,,,,
1972,1972-01-11,,Montreal Canadiens,/teams/MTL/1972.html,3,St. Louis Blues,/teams/STL/1972.html,7,,,,
1972,1972-01-11,,Minnesota North Stars,/teams/MNS/1972.html,2,Vancouver Canucks,/teams/VAN/1972.html,2,,,,
1972,1972-01-12,,New York Rangers,/teams/NYR/1972.html,5,Chicago Black Hawks,/teams/CBH/1972.html,5,,,,
1972,1972-01-12,,Minnesota North Stars,/teams/MNS/1972.html,0,California Golden Seals,/teams/CGS/1972.html,2,,,,
1972,1972-01-12,,Boston Bruins,/teams/BOS/1972.html,2,Pittsburgh Penguins,/teams/PIT/1972.html,2,,,,
1972,1972-01-12,,Los Angeles Kings,/teams/LAK/1972.html,1,Toronto Maple Leafs,/teams/TOR/1972.html,1,,,,
1972,1972-01-13,,Los Angeles Kings,/teams/LAK/1972.html,1,Boston Bruins,/teams/BOS/1972.html,1,,,,
1972,1972-01-13,,New York Rangers,/teams/NYR/1972.html,5,Buffalo Sabres,/teams/BUF/1972.html,2,,,,
1972,1972-01-13,,Pittsburgh Penguins,/teams/PIT/1972.html,1,Montreal Canadiens,/teams/MTL/1972.html,7,,,,
1972,1972-01-14,,Vancouver Canucks,/teams/VAN/1972.html,3,California Golden Seals,/teams/CGS/1972.html,5,,,,
1972,1972-01-15,,Chicago Black Hawks,/teams/CBH/1972.html,2,Boston Bruins,/teams/BOS/1972.html,4,,,,
1972,1972-01-15,,Los Angeles Kings,/teams/LAK/1972.html,4,Detroit Red Wings,/teams/DET/1972.html,7,,,,
1972,1972-01-15,,Buffalo Sabres,/teams/BUF/1972.html,2,Montreal Canadiens,/teams/MTL/1972.html,6,,,,
1972,1972-01-15,,Philadelphia Flyers,/teams/PHI/1972.html,2,Pittsburgh Penguins,/teams/PIT/1972.html,4,,,,
1972,1972-01-15,,Minnesota North Stars,/teams/MNS/1972.html,2,St. Louis Blues,/teams/STL/1972.html,7,,,,
1972,1972-01-15,,New York Rangers,/teams/NYR/1972.html,3,Toronto Maple Leafs,/teams/TOR/1972.html,4,,,,
1972,1972-01-15,,California Golden Seals,/teams/CGS/1972.html,3,Vancouver Canucks,/teams/VAN/1972.html,4,,,,
1972,1972-01-16,,Detroit Red Wings,/teams/DET/1972.html,2,Boston Bruins,/teams/BOS/1972.html,9,,,,
1972,1972-01-16,,Montreal Canadiens,/teams/MTL/1972.html,2,Buffalo Sabres,/teams/BUF/1972.html,4,,,,
1972,1972-01-16,,Minnesota North Stars,/teams/MNS/1972.html,2,Chicago Black Hawks,/teams/CBH/1972.html,3,,,,
1972,1972-01-16,,Los Angeles Kings,/teams/LAK/1972.html,3,Philadelphia Flyers,/teams/PHI/1972.html,3,,,,
1972,1972-01-16,,St. Louis Blues,/teams/STL/1972.html,4,Toronto Maple Leafs,/teams/TOR/1972.html,3,,,,
1972,1972-01-18,,California Golden Seals,/teams/CGS/1972.html,1,Minnesota North Stars,/teams/MNS/1972.html,1,,,,
1972,1972-01-18,,Boston Bruins,/teams/BOS/1972.html,2,St. Louis Blues,/teams/STL/1972.html,0,,,,
1972,1972-01-19,,California Golden Seals,/teams/CGS/1972.html,0,Chicago Black Hawks,/teams/CBH/1972.html,2,,,,
1972,1972-01-19,,Minnesota North Stars,/teams/MNS/1972.html,4,Detroit Red Wings,/teams/DET/1972.html,1,,,,
1972,1972-01-19,,New York Rangers,/teams/NYR/1972.html,5,Los Angeles Kings,/teams/LAK/1972.html,1,,,,
1972,1972-01-19,,Toronto Maple Leafs,/teams/TOR/1972.html,0,Montreal Canadiens,/teams/MTL/1972.html,1,,,,
1972,1972-01-19,,Vancouver Canucks,/teams/VAN/1972.html,6,Pittsburgh Penguins,/teams/PIT/1972.html,1,,,,
1972,1972-01-20,,Vancouver Canucks,/teams/VAN/1972.html,0,Buffalo Sabres,/teams/BUF/1972.html,1,,,,
1972,1972-01-20,,Chicago Black Hawks,/teams/CBH/1972.html,2,Philadelphia Flyers,/teams/PHI/1972.html,3,,,,
1972,1972-01-21,,New York Rangers,/teams/NYR/1972.html,5,California Golden Seals,/teams/CGS/1972.html,0,,,,
1972,1972-01-22,,Buffalo Sabres,/teams/BUF/1972.html,2,Detroit Red Wings,/teams/DET/1972.html,3,,,,
1972,1972-01-22,,Philadelphia Flyers,/teams/PHI/1972.html,2,Los Angeles Kings,/teams/LAK/1972.html,4,,,,
1972,1972-01-22,,Toronto Maple Leafs,/teams/TOR/1972.html,1,Minnesota North Stars,/teams/MNS/1972.html,4,,,,
1972,1972-01-22,,Boston Bruins,/teams/BOS/1972.html,8,Montreal Canadiens,/teams/MTL/1972.html,5,,,,
1972,1972-01-22,,Pittsburgh Penguins,/teams/PIT/1972.html,0,St. Louis Blues,/teams/STL/1972.html,1,,,,
1972,1972-01-22,,New York Rangers,/teams/NYR/1972.html,2,Vancouver Canucks,/teams/VAN/1972.html,5,,,,
1972,1972-01-23,,Buffalo Sabres,/teams/BUF/1972.html,3,Boston Bruins,/teams/BOS/1972.html,3,,,,
1972,1972-01-23,,Toronto Maple Leafs,/teams/TOR/1972.html,0,Chicago Black Hawks,/teams/CBH/1972.html,4,,,,
1972,1972-01-23,,Philadelphia Flyers,/teams/PHI/1972.html,1,California Golden Seals,/teams/CGS/1972.html,3,,,,
1972,1972-01-23,,St. Louis Blues,/teams/STL/1972.html,1,Detroit Red Wings,/teams/DET/1972.html,3,,,,
1972,1972-01-23,,Los Angeles Kings,/teams/LAK/1972.html,3,Minnesota North Stars,/teams/MNS/1972.html,5,,,,
1972,1972-01-23,,Montreal Canadiens,/teams/MTL/1972.html,3,Pittsburgh Penguins,/teams/PIT/1972.html,3,,,,
1972,1972-01-26,,Toronto Maple Leafs,/teams/TOR/1972.html,3,Los Angeles Kings,/teams/LAK/1972.html,5,,,,
1972,1972-01-26,,Buffalo Sabres,/teams/BUF/1972.html,1,New York Rangers,/teams/NYR/1972.html,5,,,,
1972,1972-01-26,,St. Louis Blues,/teams/STL/1972.html,2,Pittsburgh Penguins,/teams/PIT/1972.html,1,,,,
1972,1972-01-27,,Philadelphia Flyers,/teams/PHI/1972.html,2,Boston Bruins,/teams/BOS/1972.html,4,,,,
1972,1972-01-27,,Detroit Red Wings,/teams/DET/1972.html,3,Buffalo Sabres,/teams/BUF/1972.html,1,,,,
1972,1972-01-27,,Vancouver Canucks,/teams/VAN/1972.html,0,Chicago Black Hawks,/teams/CBH/1972.html,4,,,,
1972,1972-01-27,,Minnesota North Stars,/teams/MNS/1972.html,6,Montreal Canadiens,/teams/MTL/1972.html,5,,,,
1972,1972-01-28,,Toronto Maple Leafs,/teams/TOR/1972.html,0,California Golden Seals,/teams/CGS/1972.html,3,,,,
1972,1972-01-29,,Los Angeles Kings,/teams/LAK/1972.html,4,Detroit Red Wings,/teams/DET/1972.html,4,,,,
1972,1972-01-29,,New York Rangers,/teams/NYR/1972.html,2,Minnesota North Stars,/teams/MNS/1972.html,4,,,,
1972,1972-01-29,,St. Louis Blues,/teams/STL/1972.html,0,Montreal Canadiens,/teams/MTL/1972.html,4,,,,
1972,1972-01-29,,Boston Bruins,/teams/BOS/1972.html,4,Philadelphia Flyers,/teams/PHI/1972.html,2,,,,
1972,1972-01-29,,Chicago Black Hawks,/teams/CBH/1972.html,4,Pittsburgh Penguins,/teams/PIT/1972.html,2,,,,
1972,1972-01-29,,Toronto Maple Leafs,/teams/TOR/1972.html,2,Vancouver Canucks,/teams/VAN/1972.html,5,,,,
1972,1972-01-30,,St. Louis Blues,/teams/STL/1972.html,2,Boston Bruins,/teams/BOS/1972.html,5,,,,
1972,1972-01-30,,Los Angeles Kings,/teams/LAK/1972.html,2,Buffalo Sabres,/teams/BUF/1972.html,2,,,,
1972,1972-01-30,,Detroit Red Wings,/teams/DET/1972.html,2,Chicago Black Hawks,/teams/CBH/1972.html,4,,,,
1972,1972-01-30,,Minnesota North Stars,/teams/MNS/1972.html,1,New York Rangers,/teams/NYR/1972.html,1,,,,
1972,1972-01-30,,Pittsburgh Penguins,/teams/PIT/1972.html,0,Philadelphia Flyers,/teams/PHI/1972.html,4,,,,
1972,1972-01-30,,California Golden Seals,/teams/CGS/1972.html,2,Vancouver Canucks,/teams/VAN/1972.html,0,,,,
1972,1972-02-01,,Toronto Maple Leafs,/teams/TOR/1972.html,0,Detroit Red Wings,/teams/DET/1972.html,4,,,,
1972,1972-02-01,,Chicago Black Hawks,/teams/CBH/1972.html,4,Los Angeles Kings,/teams/LAK/1972.html,7,,,,
1972,1972-02-01,,Montreal Canadiens,/teams/MTL/1972.html,3,St. Louis Blues,/teams/STL/1972.html,1,,,,
1972,1972-02-02,,Vancouver Canucks,/teams/VAN/1972.html,5,California Golden Seals,/teams/CGS/1972.html,1,,,,
1972,1972-02-02,,Boston Bruins,/teams/BOS/1972.html,2,New York Rangers,/teams/NYR/1972.html,0,,,,
1972,1972-02-02,,Minnesota North Stars,/teams/MNS/1972.html,2,Toronto Maple Leafs,/teams/TOR/1972.html,3,,,,
1972,1972-02-03,,Minnesota North Stars,/teams/MNS/1972.html,1,Boston Bruins,/teams/BOS/1972.html,6,,,,
1972,1972-02-03,,New York Rangers,/teams/NYR/1972.html,4,Buffalo Sabres,/teams/BUF/1972.html,2,,,,
1972,1972-02-03,,Montreal Canadiens,/teams/MTL/1972.html,1,Los Angeles Kings,/teams/LAK/1972.html,1,,,,
1972,1972-02-03,,Detroit Red Wings,/teams/DET/1972.html,4,Philadelphia Flyers,/teams/PHI/1972.html,5,,,,
1972,1972-02-03,,Pittsburgh Penguins,/teams/PIT/1972.html,4,St. Louis Blues,/teams/STL/1972.html,3,,,,
1972,1972-02-04,,Montreal Canadiens,/teams/MTL/1972.html,2,California Golden Seals,/teams/CGS/1972.html,2,,,,
1972,1972-02-04,,Chicago Black Hawks,/teams/CBH/1972.html,6,Vancouver Canucks,/teams/VAN/1972.html,2,,,,
1972,1972-02-05,,Detroit Red Wings,/teams/DET/1972.html,2,Boston Bruins,/teams/BOS/1972.html,3,,,,
1972,1972-02-05,,Pittsburgh Penguins,/teams/PIT/1972.html,1,Los Angeles Kings,/teams/LAK/1972.html,8,,,,
1972,1972-02-05,,Buffalo Sabres,/teams/BUF/1972.html,3,Minnesota North Stars,/teams/MNS/1972.html,3,,,,
1972,1972-02-05,,New York Rangers,/teams/NYR/1972.html,5,St. Louis Blues,/teams/STL/1972.html,6,,,,
1972,1972-02-05,,Philadelphia Flyers,/teams/PHI/1972.html,3,Toronto Maple Leafs,/teams/TOR/1972.html,1,,,,
1972,1972-02-06,,Boston Bruins,/teams/BOS/1972.html,2,Buffalo Sabres,/teams/BUF/1972.html,8,,,,
1972,1972-02-06,,Minnesota North Stars,/teams/MNS/1972.html,0,Chicago Black Hawks,/teams/CBH/1972.html,5,,,,
1972,1972-02-06,,California Golden Seals,/teams/CGS/1972.html,2,Detroit Red Wings,/teams/DET/1972.html,8,,,,
1972,1972-02-06,,Toronto Maple Leafs,/teams/TOR/1972.html,2,New York Rangers,/teams/NYR/1972.html,2,,,,
1972,1972-02-06,,St. Louis Blues,/teams/STL/1972.html,2,Philadelphia Flyers,/teams/PHI/1972.html,2,,,,
1972,1972-02-06,,Montreal Canadiens,/teams/MTL/1972.html,4,Vancouver Canucks,/teams/VAN/1972.html,2,,,,
1972,1972-02-08,,Toronto Maple Leafs,/teams/TOR/1972.html,2,St. Louis Blues,/teams/STL/1972.html,1,,,,
1972,1972-02-08,,Philadelphia Flyers,/teams/PHI/1972.html,3,Vancouver Canucks,/teams/VAN/1972.html,1,,,,
1972,1972-02-09,,Philadelphia Flyers,/teams/PHI/1972.html,2,California Golden Seals,/teams/CGS/1972.html,3,,,,
1972,1972-02-09,,Los Angeles Kings,/teams/LAK/1972.html,1,Minnesota North Stars,/teams/MNS/1972.html,4,,,,
1972,1972-02-09,,Chicago Black Hawks,/teams/CBH/1972.html,1,New York Rangers,/teams/NYR/1972.html,4,,,,
1972,1972-02-09,,Pittsburgh Penguins,/teams/PIT/1972.html,4,Toronto Maple Leafs,/teams/TOR/1972.html,1,,,,
1972,1972-02-10,,Vancouver Canucks,/teams/VAN/1972.html,1,Boston Bruins,/teams/BOS/1972.html,9,,,,
1972,1972-02-10,,Buffalo Sabres,/teams/BUF/1972.html,2,Detroit Red Wings,/teams/DET/1972.html,4,,,,
1972,1972-02-10,,Chicago Black Hawks,/teams/CBH/1972.html,1,Montreal Canadiens,/teams/MTL/1972.html,7,,,,
1972,1972-02-10,,Los Angeles Kings,/teams/LAK/1972.html,1,Pittsburgh Penguins,/teams/PIT/1972.html,6,,,,
1972,1972-02-10,,Minnesota North Stars,/teams/MNS/1972.html,3,St. Louis Blues,/teams/STL/1972.html,1,,,,
1972,1972-02-12,,Buffalo Sabres,/teams/BUF/1972.html,1,Boston Bruins,/teams/BOS/1972.html,5,,,,
1972,1972-02-12,,Chicago Black Hawks,/teams/CBH/1972.html,3,Detroit Red Wings,/teams/DET/1972.html,3,,,,
1972,1972-02-12,,Philadelphia Flyers,/teams/PHI/1972.html,1,Minnesota North Stars,/teams/MNS/1972.html,5,,,,
1972,1972-02-12,,Los Angeles Kings,/teams/LAK/1972.html,5,Montreal Canadiens,/teams/MTL/1972.html,6,,,,
1972,1972-02-12,,New York Rangers,/teams/NYR/1972.html,8,Pittsburgh Penguins,/teams/PIT/1972.html,3,,,,
1972,1972-02-12,,Vancouver Canucks,/teams/VAN/1972.html,4,St. Louis Blues,/teams/STL/1972.html,5,,,,
1972,1972-02-12,,California Golden Seals,/teams/CGS/1972.html,0,Toronto Maple Leafs,/teams/TOR/1972.html,3,,,,
1972,1972-02-13,,Montreal Canadiens,/teams/MTL/1972.html,2,Boston Bruins,/teams/BOS/1972.html,2,,,,
1972,1972-02-13,,Philadelphia Flyers,/teams/PHI/1972.html,4,Buffalo Sabres,/teams/BUF/1972.html,4,,,,
1972,1972-02-13,,Toronto Maple Leafs,/teams/TOR/1972.html,1,Chicago Black Hawks,/teams/CBH/1972.html,3,,,,
1972,1972-02-13,,Los Angeles Kings,/teams/LAK/1972.html,2,New York Rangers,/teams/NYR/1972.html,4,,,,
1972,1972-02-13,,Vancouver Canucks,/teams/VAN/1972.html,4,Pittsburgh Penguins,/teams/PIT/1972.html,6,,,,
1972,1972-02-15,,California Golden Seals,/teams/CGS/1972.html,3,Boston Bruins,/teams/BOS/1972.html,6,,,,
1972,1972-02-15,,Chicago Black Hawks,/teams/CBH/1972.html,3,St. Louis Blues,/teams/STL/1972.html,2,,,,
1972,1972-02-15,,New York Rangers,/teams/NYR/1972.html,5,Vancouver Canucks,/teams/VAN/1972.html,1,,,,
1972,1972-02-16,,Philadelphia Flyers,/teams/PHI/1972.html,3,Chicago Black Hawks,/teams/CBH/1972.html,3,,,,
1972,1972-02-16,,St. Louis Blues,/teams/STL/1972.html,3,Los Angeles Kings,/teams/LAK/1972.html,1,,,,
1972,1972-02-16,,Detroit Red Wings,/teams/DET/1972.html,2,Minnesota North Stars,/teams/MNS/1972.html,4,,,,
1972,1972-02-16,,California Golden Seals,/teams/CGS/1972.html,1,Montreal Canadiens,/teams/MTL/1972.html,1,,,,
1972,1972-02-16,,Toronto Maple Leafs,/teams/TOR/1972.html,2,Pittsburgh Penguins,/teams/PIT/1972.html,4,,,,
1972,1972-02-17,,Pittsburgh Penguins,/teams/PIT/1972.html,2,Buffalo Sabres,/teams/BUF/1972.html,0,,,,
1972,1972-02-17,,New York Rangers,/teams/NYR/1972.html,6,Los Angeles Kings,/teams/LAK/1972.html,4,,,,
1972,1972-02-17,,Boston Bruins,/teams/BOS/1972.html,4,Philadelphia Flyers,/teams/PHI/1972.html,1,,,,
1972,1972-02-18,,New York Rangers,/teams/NYR/1972.html,2,California Golden Seals,/teams/CGS/1972.html,2,,,,
1972,1972-02-18,,St. Louis Blues,/teams/STL/1972.html,2,Vancouver Canucks,/teams/VAN/1972.html,5,,,,
1972,1972-02-19,,Vancouver Canucks,/teams/VAN/1972.html,3,Los Angeles Kings,/teams/LAK/1972.html,5,,,,
1972,1972-02-19,,Boston Bruins,/teams/BOS/1972.html,6,Minnesota North Stars,/teams/MNS/1972.html,4,,,,
1972,1972-02-19,,Philadelphia Flyers,/teams/PHI/1972.html,1,Montreal Canadiens,/teams/MTL/1972.html,3,,,,
1972,1972-02-19,,Detroit Red Wings,/teams/DET/1972.html,6,Pittsburgh Penguins,/teams/PIT/1972.html,2,,,,
1972,1972-02-19,,Buffalo Sabres,/teams/BUF/1972.html,1,Toronto Maple Leafs,/teams/TOR/1972.html,4,,,,
1972,1972-02-20,,Montreal Canadiens,/teams/MTL/1972.html,4,Buffalo Sabres,/teams/BUF/1972.html,0,,,,
1972,1972-02-20,,Boston Bruins,/teams/BOS/1972.html,3,Chicago Black Hawks,/teams/CBH/1972.html,1,,,,
1972,1972-02-20,,St. Louis Blues,/teams/STL/1972.html,4,California Golden Seals,/teams/CGS/1972.html,4,,,,
1972,1972-02-20,,Pittsburgh Penguins,/teams/PIT/1972.html,0,Minnesota North Stars,/teams/MNS/1972.html,2,,,,
1972,1972-02-20,,Detroit Red Wings,/teams/DET/1972.html,3,New York Rangers,/teams/NYR/1972.html,4,,,,
1972,1972-02-20,,Toronto Maple Leafs,/teams/TOR/1972.html,1,Philadelphia Flyers,/teams/PHI/1972.html,3,,,,
1972,1972-02-22,,Toronto Maple Leafs,/teams/TOR/1972.html,4,Detroit Red Wings,/teams/DET/1972.html,5,,,,
1972,1972-02-22,,New York Rangers,/teams/NYR/1972.html,7,Montreal Canadiens,/teams/MTL/1972.html,3,,,,
1972,1972-02-22,,Boston Bruins,/teams/BOS/1972.html,4,Vancouver Canucks,/teams/VAN/1972.html,3,,,,
1972,1972-02-23,,Buffalo Sabres,/teams/BUF/1972.html,2,Chicago Black Hawks,/teams/CBH/1972.html,1,,,,
1972,1972-02-23,,Boston Bruins,/teams/BOS/1972.html,8,California Golden Seals,/teams/CGS/1972.html,6,,,,
1972,1972-02-23,,St. Louis Blues,/teams/STL/1972.html,2,Los Angeles Kings,/teams/LAK/1972.html,0,,,,
1972,1972-02-23,,Philadelphia Flyers,/teams/PHI/1972.html,3,New York Rangers,/teams/NYR/1972.html,4,,,,
1972,1972-02-23,,Pittsburgh Penguins,/teams/PIT/1972.html,0,Toronto Maple Leafs,/teams/TOR/1972.html,2,,,,
1972,1972-02-24,,Chicago Black Hawks,/teams/CBH/1972.html,3,Buffalo Sabres,/teams/BUF/1972.html,5,,,,
1972,1972-02-24,,Vancouver Canucks,/teams/VAN/1972.html,0,Detroit Red Wings,/teams/DET/1972.html,2,,,,
1972,1972-02-24,,Montreal Canadiens,/teams/MTL/1972.html,4,Minnesota North Stars,/teams/MNS/1972.html,2,,,,
1972,1972-02-26,,California Golden Seals,/teams/CGS/1972.html,0,Chicago Black Hawks,/teams/CBH/1972.html,3,,,,
1972,1972-02-26,,Boston Bruins,/teams/BOS/1972.html,5,Los Angeles Kings,/teams/LAK/1972.html,4,,,,
1972,1972-02-26,,St. Louis Blues,/teams/STL/1972.html,3,Minnesota North Stars,/teams/MNS/1972.html,2,,,,
1972,1972-02-26,,Detroit Red Wings,/teams/DET/1972.html,1,Montreal Canadiens,/teams/MTL/1972.html,8,,,,
1972,1972-02-26,,Philadelphia Flyers,/teams/PHI/1972.html,2,Pittsburgh Penguins,/teams/PIT/1972.html,5,,,,
1972,1972-02-26,,Vancouver Canucks,/teams/VAN/1972.html,1,Toronto Maple Leafs,/teams/TOR/1972.html,7,,,,
1972,1972-02-27,,California Golden Seals,/teams/CGS/1972.html,4,Buffalo Sabres,/teams/BUF/1972.html,4,,,,
1972,1972-02-27,,Vancouver Canucks,/teams/VAN/1972.html,3,Chicago Black Hawks,/teams/CBH/1972.html,3,,,,
1972,1972-02-27,,Philadelphia Flyers,/teams/PHI/1972.html,3,Detroit Red Wings,/teams/DET/1972.html,1,,,,
1972,1972-02-27,,Pittsburgh Penguins,/teams/PIT/1972.html,3,Montreal Canadiens,/teams/MTL/1972.html,5,,,,
1972,1972-02-27,,St. Louis Blues,/teams/STL/1972.html,0,New York Rangers,/teams/NYR/1972.html,2,,,,
1972,1972-02-29,,Vancouver Canucks,/teams/VAN/1972.html,2,Detroit Red Wings,/teams/DET/1972.html,8,,,,
1972,1972-03-01,,Chicago Black Hawks,/teams/CBH/1972.html,6,Los Angeles Kings,/teams/LAK/1972.html,4,,,,
1972,1972-03-01,,Buffalo Sabres,/teams/BUF/1972.html,1,Montreal Canadiens,/teams/MTL/1972.html,4,,,,
1972,1972-03-01,,California Golden Seals,/teams/CGS/1972.html,1,New York Rangers,/teams/NYR/1972.html,4,,,,
1972,1972-03-01,,Toronto Maple Leafs,/teams/TOR/1972.html,3,St. Louis Blues,/teams/STL/1972.html,1,,,,
1972,1972-03-02,,Vancouver Canucks,/teams/VAN/1972.html,3,Boston Bruins,/teams/BOS/1972.html,7,,,,
1972,1972-03-02,,New York Rangers,/teams/NYR/1972.html,4,Buffalo Sabres,/teams/BUF/1972.html,3,,,,
1972,1972-03-02,,Minnesota North Stars,/teams/MNS/1972.html,0,Philadelphia Flyers,/teams/PHI/1972.html,3,,,,
1972,1972-03-02,,Detroit Red Wings,/teams/DET/1972.html,4,Pittsburgh Penguins,/teams/PIT/1972.html,7,,,,
1972,1972-03-03,,Chicago Black Hawks,/teams/CBH/1972.html,4,California Golden Seals,/teams/CGS/1972.html,4,,,,
1972,1972-03-04,,Boston Bruins,/teams/BOS/1972.html,5,Detroit Red Wings,/teams/DET/1972.html,4,,,,
1972,1972-03-04,,Vancouver Canucks,/teams/VAN/1972.html,0,Montreal Canadiens,/teams/MTL/1972.html,5,,,,
1972,1972-03-04,,St. Louis Blues,/teams/STL/1972.html,2,Philadelphia Flyers,/teams/PHI/1972.html,6,,,,
1972,1972-03-04,,Minnesota North Stars,/teams/MNS/1972.html,2,Pittsburgh Penguins,/teams/PIT/1972.html,4,,,,
1972,1972-03-04,,Los Angeles Kings,/teams/LAK/1972.html,2,Toronto Maple Leafs,/teams/TOR/1972.html,3,,,,
1972,1972-03-05,,Los Angeles Kings,/teams/LAK/1972.html,2,Boston Bruins,/teams/BOS/1972.html,0,,,,
1972,1972-03-05,,St. Louis Blues,/teams/STL/1972.html,6,Buffalo Sabres,/teams/BUF/1972.html,2,,,,
1972,1972-03-05,,Pittsburgh Penguins,/teams/PIT/1972.html,3,Detroit Red Wings,/teams/DET/1972.html,6,,,,
1972,1972-03-05,,Chicago Black Hawks,/teams/CBH/1972.html,1,Minnesota North Stars,/teams/MNS/1972.html,2,,,,
1972,1972-03-05,,Vancouver Canucks,/teams/VAN/1972.html,1,New York Rangers,/teams/NYR/1972.html,6,,,,
1972,1972-03-05,,Montreal Canadiens,/teams/MTL/1972.html,4,Philadelphia Flyers,/teams/PHI/1972.html,0,,,,
1972,1972-03-07,,Los Angeles Kings,/teams/LAK/1972.html,2,St. Louis Blues,/teams/STL/1972.html,4,,,,
1972,1972-03-08,,Buffalo Sabres,/teams/BUF/1972.html,3,California Golden Seals,/teams/CGS/1972.html,6,,,,
1972,1972-03-08,,Boston Bruins,/teams/BOS/1972.html,5,Minnesota North Stars,/teams/MNS/1972.html,4,,,,
1972,1972-03-08,,Chicago Black Hawks,/teams/CBH/1972.html,3,New York Rangers,/teams/NYR/1972.html,3,,,,
1972,1972-03-08,,Montreal Canadiens,/teams/MTL/1972.html,5,Pittsburgh Penguins,/teams/PIT/1972.html,4,,,,
1972,1972-03-08,,Detroit Red Wings,/teams/DET/1972.html,1,Toronto Maple Leafs,/teams/TOR/1972.html,5,,,,
1972,1972-03-08,,Philadelphia Flyers,/teams/PHI/1972.html,6,Vancouver Canucks,/teams/VAN/1972.html,5,,,,
1972,1972-03-09,,Philadelphia Flyers,/teams/PHI/1972.html,5,Los Angeles Kings,/teams/LAK/1972.html,3,,,,
1972,1972-03-09,,Montreal Canadiens,/teams/MTL/1972.html,5,St. Louis Blues,/teams/STL/1972.html,1,,,,
1972,1972-03-10,,Buffalo Sabres,/teams/BUF/1972.html,2,Vancouver Canucks,/teams/VAN/1972.html,3,,,,
1972,1972-03-11,,New York Rangers,/teams/NYR/1972.html,4,Detroit Red Wings,/teams/DET/1972.html,2,,,,
1972,1972-03-11,,Buffalo Sabres,/teams/BUF/1972.html,3,Los Angeles Kings,/teams/LAK/1972.html,5,,,,
1972,1972-03-11,,Chicago Black Hawks,/teams/CBH/1972.html,1,Montreal Canadiens,/teams/MTL/1972.html,1,,,,
1972,1972-03-11,,Boston Bruins,/teams/BOS/1972.html,4,Pittsburgh Penguins,/teams/PIT/1972.html,6,,,,
1972,1972-03-11,,Philadelphia Flyers,/teams/PHI/1972.html,2,St. Louis Blues,/teams/STL/1972.html,4,,,,
1972,1972-03-11,,California Golden Seals,/teams/CGS/1972.html,1,Toronto Maple Leafs,/teams/TOR/1972.html,2,,,,
1972,1972-03-12,,Pittsburgh Penguins,/teams/PIT/1972.html,4,Boston Bruins,/teams/BOS/1972.html,4,,,,
1972,1972-03-12,,Chicago Black Hawks,/teams/CBH/1972.html,3,Detroit Red Wings,/teams/DET/1972.html,2,,,,
1972,1972-03-12,,Toronto Maple Leafs,/teams/TOR/1972.html,2,Minnesota North Stars,/teams/MNS/1972.html,2,,,,
1972,1972-03-12,,California Golden Seals,/teams/CGS/1972.html,7,New York Rangers,/teams/NYR/1972.html,3,,,,
1972,1972-03-13,,Philadelphia Flyers,/teams/PHI/1972.html,1,Montreal Canadiens,/teams/MTL/1972.html,2,,,,
1972,1972-03-14,,Buffalo Sabres,/teams/BUF/1972.html,4,Minnesota North Stars,/teams/MNS/1972.html,3,,,,
1972,1972-03-14,,Pittsburgh Penguins,/teams/PIT/1972.html,7,Vancouver Canucks,/teams/VAN/1972.html,4,,,,
1972,1972-03-15,,New York Rangers,/teams/NYR/1972.html,1,Chicago Black Hawks,/teams/CBH/1972.html,3,,,,
1972,1972-03-15,,Los Angeles Kings,/teams/LAK/1972.html,2,California Golden Seals,/teams/CGS/1972.html,5,,,,
1972,1972-03-15,,Montreal Canadiens,/teams/MTL/1972.html,5,Toronto Maple Leafs,/teams/TOR/1972.html,2,,,,
1972,1972-03-16,,New York Rangers,/teams/NYR/1972.html,2,Detroit Red Wings,/teams/DET/1972.html,1,,,,
1972,1972-03-16,,Boston Bruins,/teams/BOS/1972.html,8,Los Angeles Kings,/teams/LAK/1972.html,3,,,,
1972,1972-03-16,,Vancouver Canucks,/teams/VAN/1972.html,2,Minnesota North Stars,/teams/MNS/1972.html,6,,,,
1972,1972-03-16,,Buffalo Sabres,/teams/BUF/1972.html,3,Philadelphia Flyers,/teams/PHI/1972.html,3,,,,
1972,1972-03-17,,Vancouver Canucks,/teams/VAN/1972.html,6,Buffalo Sabres,/teams/BUF/1972.html,2,,,,
1972,1972-03-17,,St. Louis Blues,/teams/STL/1972.html,2,California Golden Seals,/teams/CGS/1972.html,2,,,,
1972,1972-03-18,,Pittsburgh Penguins,/teams/PIT/1972.html,4,Los Angeles Kings,/teams/LAK/1972.html,4,,,,
1972,1972-03-18,,Minnesota North Stars,/teams/MNS/1972.html,3,Montreal Canadiens,/teams/MTL/1972.html,4,,,,
1972,1972-03-18,,New York Rangers,/teams/NYR/1972.html,5,Philadelphia Flyers,/teams/PHI/1972.html,3,,,,
1972,1972-03-18,,Chicago Black Hawks,/teams/CBH/1972.html,2,Toronto Maple Leafs,/teams/TOR/1972.html,2,,,,
1972,1972-03-19,,Minnesota North Stars,/teams/MNS/1972.html,3,Boston Bruins,/teams/BOS/1972.html,7,,,,
1972,1972-03-19,,Buffalo Sabres,/teams/BUF/1972.html,3,Chicago Black Hawks,/teams/CBH/1972.html,3,,,,
1972,1972-03-19,,Pittsburgh Penguins,/teams/PIT/1972.html,3,California Golden Seals,/teams/CGS/1972.html,3,,,,
1972,1972-03-19,,Montreal Canadiens,/teams/MTL/1972.html,6,Detroit Red Wings,/teams/DET/1972.html,7,,,,
1972,1972-03-19,,Toronto Maple Leafs,/teams/TOR/1972.html,3,New York Rangers,/teams/NYR/1972.html,5,,,,
1972,1972-03-19,,St. Louis Blues,/teams/STL/1972.html,3,Vancouver Canucks,/teams/VAN/1972.html,3,,,,
1972,1972-03-21,,California Golden Seals,/teams/CGS/1972.html,2,Minnesota North Stars,/teams/MNS/1972.html,4,,,,
1972,1972-03-21,,Detroit Red Wings,/teams/DET/1972.html,7,Vancouver Canucks,/teams/VAN/1972.html,5,,,,
1972,1972-03-22,,Detroit Red Wings,/teams/DET/1972.html,6,Los Angeles Kings,/teams/LAK/1972.html,3,,,,
1972,1972-03-22,,Toronto Maple Leafs,/teams/TOR/1972.html,3,Montreal Canadiens,/teams/MTL/1972.html,3,,,,
1972,1972-03-22,,Buffalo Sabres,/teams/BUF/1972.html,4,Pittsburgh Penguins,/teams/PIT/1972.html,3,,,,
1972,1972-03-22,,California Golden Seals,/teams/CGS/1972.html,1,St. Louis Blues,/teams/STL/1972.html,4,,,,
1972,1972-03-23,,New York Rangers,/teams/NYR/1972.html,1,Boston Bruins,/teams/BOS/1972.html,4,,,,
1972,1972-03-23,,Minnesota North Stars,/teams/MNS/1972.html,4,Buffalo Sabres,/teams/BUF/1972.html,4,,,,
1972,1972-03-23,,Chicago Black Hawks,/teams/CBH/1972.html,4,Philadelphia Flyers,/teams/PHI/1972.html,2,,,,
1972,1972-03-24,,Toronto Maple Leafs,/teams/TOR/1972.html,3,Vancouver Canucks,/teams/VAN/1972.html,5,,,,
1972,1972-03-25,,Chicago Black Hawks,/teams/CBH/1972.html,5,Boston Bruins,/teams/BOS/1972.html,5,,,,
1972,1972-03-25,,Toronto Maple Leafs,/teams/TOR/1972.html,4,Los Angeles Kings,/teams/LAK/1972.html,0,,,,
1972,1972-03-25,,New York Rangers,/teams/NYR/1972.html,3,Montreal Canadiens,/teams/MTL/1972.html,3,,,,
1972,1972-03-25,,California Golden Seals,/teams/CGS/1972.html,0,Philadelphia Flyers,/teams/PHI/1972.html,3,,,,
1972,1972-03-25,,Minnesota North Stars,/teams/MNS/1972.html,2,Pittsburgh Penguins,/teams/PIT/1972.html,3,,,,
1972,1972-03-25,,Detroit Red Wings,/teams/DET/1972.html,3,St. Louis Blues,/teams/STL/1972.html,5,,,,
1972,1972-03-26,,Montreal Canadiens,/teams/MTL/1972.html,4,Boston Bruins,/teams/BOS/1972.html,5,,,,
1972,1972-03-26,,Pittsburgh Penguins,/teams/PIT/1972.html,2,Buffalo Sabres,/teams/BUF/1972.html,2,,,,
1972,1972-03-26,,St. Louis Blues,/teams/STL/1972.html,0,Chicago Black Hawks,/teams/CBH/1972.html,4,,,,
1972,1972-03-26,,Minnesota North Stars,/teams/MNS/1972.html,5,New York Rangers,/teams/NYR/1972.html,0,,,,
1972,1972-03-26,,Vancouver Canucks,/teams/VAN/1972.html,1,Philadelphia Flyers,/teams/PHI/1972.html,4,,,,
1972,1972-03-28,,Boston Bruins,/teams/BOS/1972.html,3,Detroit Red Wings,/teams/DET/1972.html,6,,,,
1972,1972-03-28,,Philadelphia Flyers,/teams/PHI/1972.html,2,Minnesota North Stars,/teams/MNS/1972.html,2,,,,
1972,1972-03-28,,Vancouver Canucks,/teams/VAN/1972.html,1,St. Louis Blues,/teams/STL/1972.html,2,,,,
1972,1972-03-29,,Montreal Canadiens,/teams/MTL/1972.html,5,Chicago Black Hawks,/teams/CBH/1972.html,5,,,,
1972,1972-03-29,,Vancouver Canucks,/teams/VAN/1972.html,2,Los Angeles Kings,/teams/LAK/1972.html,4,,,,
1972,1972-03-29,,Detroit Red Wings,/teams/DET/1972.html,2,New York Rangers,/teams/NYR/1972.html,2,,,,
1972,1972-03-29,,California Golden Seals,/teams/CGS/1972.html,4,Pittsburgh Penguins,/teams/PIT/1972.html,5,,,,
1972,1972-03-29,,Boston Bruins,/teams/BOS/1972.html,1,Toronto Maple Leafs,/teams/TOR/1972.html,4,,,,
1972,1972-03-30,,Buffalo Sabres,/teams/BUF/1972.html,1,Philadelphia Flyers,/teams/PHI/1972.html,3,,,,
1972,1972-03-31,,Minnesota North Stars,/teams/MNS/1972.html,2,California Golden Seals,/teams/CGS/1972.html,1,,,,
1972,1972-03-31,,Los Angeles Kings,/teams/LAK/1972.html,4,Vancouver Canucks,/teams/VAN/1972.html,4,,,,
1972,1972-04-01,,California Golden Seals,/teams/CGS/1972.html,4,Los Angeles Kings,/teams/LAK/1972.html,9,,,,
1972,1972-04-01,,Boston Bruins,/teams/BOS/1972.html,2,Montreal Canadiens,/teams/MTL/1972.html,6,,,,
1972,1972-04-01,,Pittsburgh Penguins,/teams/PIT/1972.html,4,Philadelphia Flyers,/teams/PHI/1972.html,4,,,,
1972,1972-04-01,,Chicago Black Hawks,/teams/CBH/1972.html,2,St. Louis Blues,/teams/STL/1972.html,0,,,,
1972,1972-04-01,,New York Rangers,/teams/NYR/1972.html,1,Toronto Maple Leafs,/teams/TOR/1972.html,2,,,,
1972,1972-04-02,,Toronto Maple Leafs,/teams/TOR/1972.html,4,Boston Bruins,/teams/BOS/1972.html,6,,,,
1972,1972-04-02,,Philadelphia Flyers,/teams/PHI/1972.html,2,Buffalo Sabres,/teams/BUF/1972.html,3,,,,
1972,1972-04-02,,Detroit Red Wings,/teams/DET/1972.html,1,Chicago Black Hawks,/teams/CBH/1972.html,6,,,,
1972,1972-04-02,,Montreal Canadiens,/teams/MTL/1972.html,6,New York Rangers,/teams/NYR/1972.html,5,,,,
1972,1972-04-02,,St. Louis Blues,/teams/STL/1972.html,2,Pittsburgh Penguins,/teams/PIT/1972.html,6,,,,
1972,1972-04-02,,Minnesota North Stars,/teams/MNS/1972.html,1,Vancouver Canucks,/teams/VAN/1972.html,4,,,,
